month,,3,4,5,6,7,8,9,sum
exceedance,,50,50,50,50,50,50,50,50
year,month,,,,,,,,
2007,3,21.122500000000006,41.52227,43.12824,4.568090000000001,2.73494,2.40039,3.1661799999999998,118.64260999999999
2007,4,21.122500000000006,41.52227,43.12824,4.568090000000001,2.73494,2.40039,3.1661799999999998,118.64260999999999
2007,5,21.122500000000006,41.52227,43.12824,4.568090000000001,2.73494,2.40039,3.1661799999999998,118.64260999999999
2007,6,21.122500000000006,41.52227,43.12824,4.568090000000001,2.73494,2.40039,3.1661799999999998,118.64260999999999
2007,7,21.122500000000006,41.52227,43.12824,4.568090000000001,2.73494,2.40039,3.1661799999999998,118.64260999999999
2007,8,21.122500000000006,41.52227,43.12824,4.568090000000001,2.73494,2.40039,3.1661799999999998,118.64260999999999
2007,9,21.122500000000006,41.52227,43.12824,4.568090000000001,2.73494,2.40039,3.1661799999999998,118.64260999999999
2008,3,185.84519,230.75601999999998,230.88459999999998,127.46004999999998,5.775100000000001,2.52966,2.3060599999999996,785.5566799999999
2008,4,185.84519,230.75601999999998,230.88459999999998,127.46004999999998,5.775100000000001,2.52966,2.3060599999999996,785.5566799999999
2008,5,185.84519,230.75601999999998,230.88459999999998,127.46004999999998,5.775100000000001,2.52966,2.3060599999999996,785.5566799999999
2008,6,185.84519,230.75601999999998,230.88459999999998,127.46004999999998,5.775100000000001,2.52966,2.3060599999999996,785.5566799999999
2008,7,185.84519,230.75601999999998,230.88459999999998,127.46004999999998,5.775100000000001,2.52966,2.3060599999999996,785.5566799999999
2008,8,185.84519,230.75601999999998,230.88459999999998,127.46004999999998,5.775100000000001,2.52966,2.3060599999999996,785.5566799999999
2008,9,185.84519,230.75601999999998,230.88459999999998,127.46004999999998,5.775100000000001,2.52966,2.3060599999999996,785.5566799999999
2009,3,294.03353999999996,359.48144,309.00864,257.21852000000007,7.820309999999998,3.7070100000000004,79.09087,1310.3603300000002
2009,4,294.03353999999996,359.48144,309.00864,257.21852000000007,7.820309999999998,3.7070100000000004,79.09087,1310.3603300000002
2009,5,294.03353999999996,359.48144,309.00864,257.21852000000007,7.820309999999998,3.7070100000000004,79.09087,1310.3603300000002
2009,6,294.03353999999996,359.48144,309.00864,257.21852000000007,7.820309999999998,3.7070100000000004,79.09087,1310.3603300000002
2009,7,294.03353999999996,359.48144,309.00864,257.21852000000007,7.820309999999998,3.7070100000000004,79.09087,1310.3603300000002
2009,8,294.03353999999996,359.48144,309.00864,257.21852000000007,7.820309999999998,3.7070100000000004,79.09087,1310.3603300000002
2009,9,294.03353999999996,359.48144,309.00864,257.21852000000007,7.820309999999998,3.7070100000000004,79.09087,1310.3603300000002
2010,3,614.42018,359.70619000000005,522.7137200000001,801.01846,317.5129100000001,18.328009999999992,2.75004,2636.44951
2010,4,614.42018,359.70619000000005,522.7137200000001,801.01846,317.5129100000001,18.328009999999992,2.75004,2636.44951
2010,5,614.42018,359.70619000000005,522.7137200000001,801.01846,317.5129100000001,18.328009999999992,2.75004,2636.44951
2010,6,614.42018,359.70619000000005,522.7137200000001,801.01846,317.5129100000001,18.328009999999992,2.75004,2636.44951
2010,7,614.42018,359.70619000000005,522.7137200000001,801.01846,317.5129100000001,18.328009999999992,2.75004,2636.44951
2010,8,614.42018,359.70619000000005,522.7137200000001,801.01846,317.5129100000001,18.328009999999992,2.75004,2636.44951
2010,9,614.42018,359.70619000000005,522.7137200000001,801.01846,317.5129100000001,18.328009999999992,2.75004,2636.44951
2011,3,164.04745000000005,189.88642,406.11400999999995,280.67163999999997,18.361069999999998,2.7051899999999995,2.16803,1063.95381
2011,4,164.04745000000005,189.88642,406.11400999999995,280.67163999999997,18.361069999999998,2.7051899999999995,2.16803,1063.95381
2011,5,164.04745000000005,189.88642,406.11400999999995,280.67163999999997,18.361069999999998,2.7051899999999995,2.16803,1063.95381
2011,6,164.04745000000005,189.88642,406.11400999999995,280.67163999999997,18.361069999999998,2.7051899999999995,2.16803,1063.95381
2011,7,164.04745000000005,189.88642,406.11400999999995,280.67163999999997,18.361069999999998,2.7051899999999995,2.16803,1063.95381
2011,8,164.04745000000005,189.88642,406.11400999999995,280.67163999999997,18.361069999999998,2.7051899999999995,2.16803,1063.95381
2011,9,164.04745000000005,189.88642,406.11400999999995,280.67163999999997,18.361069999999998,2.7051899999999995,2.16803,1063.95381
2012,3,226.64118000000005,489.4861799999999,683.68014,215.07716,24.36947,3.0807299999999995,2.40602,1644.7408799999998
2012,4,226.64118000000005,489.4861799999999,683.68014,215.07716,24.36947,3.0807299999999995,2.40602,1644.7408799999998
2012,5,226.64118000000005,489.4861799999999,683.68014,215.07716,24.36947,3.0807299999999995,2.40602,1644.7408799999998
2012,6,226.64118000000005,489.4861799999999,683.68014,215.07716,24.36947,3.0807299999999995,2.40602,1644.7408799999998
2012,7,226.64118000000005,489.4861799999999,683.68014,215.07716,24.36947,3.0807299999999995,2.40602,1644.7408799999998
2012,8,226.64118000000005,489.4861799999999,683.68014,215.07716,24.36947,3.0807299999999995,2.40602,1644.7408799999998
2012,9,226.64118000000005,489.4861799999999,683.68014,215.07716,24.36947,3.0807299999999995,2.40602,1644.7408799999998
2013,3,493.46423999999996,389.02349000000004,370.86966000000007,238.40623000000005,29.707260000000005,2.5946100000000003,2.23411,1526.2996000000003
2013,4,493.46423999999996,389.02349000000004,370.86966000000007,238.40623000000005,29.707260000000005,2.5946100000000003,2.23411,1526.2996000000003
2013,5,493.46423999999996,389.02349000000004,370.86966000000007,238.40623000000005,29.707260000000005,2.5946100000000003,2.23411,1526.2996000000003
2013,6,493.46423999999996,389.02349000000004,370.86966000000007,238.40623000000005,29.707260000000005,2.5946100000000003,2.23411,1526.2996000000003
2013,7,493.46423999999996,389.02349000000004,370.86966000000007,238.40623000000005,29.707260000000005,2.5946100000000003,2.23411,1526.2996000000003
2013,8,493.46423999999996,389.02349000000004,370.86966000000007,238.40623000000005,29.707260000000005,2.5946100000000003,2.23411,1526.2996000000003
2013,9,493.46423999999996,389.02349000000004,370.86966000000007,238.40623000000005,29.707260000000005,2.5946100000000003,2.23411,1526.2996000000003
2014,3,220.65734000000003,322.92027,453.70606000000004,122.87014999999998,6.7915,2.5490900000000005,2.714070000000001,1132.20848
2014,4,220.65734000000003,322.92027,453.70606000000004,122.87014999999998,6.7915,2.5490900000000005,2.714070000000001,1132.20848
2014,5,220.65734000000003,322.92027,453.70606000000004,122.87014999999998,6.7915,2.5490900000000005,2.714070000000001,1132.20848
2014,6,220.65734000000003,322.92027,453.70606000000004,122.87014999999998,6.7915,2.5490900000000005,2.714070000000001,1132.20848
2014,7,220.65734000000003,322.92027,453.70606000000004,122.87014999999998,6.7915,2.5490900000000005,2.714070000000001,1132.20848
2014,8,220.65734000000003,322.92027,453.70606000000004,122.87014999999998,6.7915,2.5490900000000005,2.714070000000001,1132.20848
2014,9,220.65734000000003,322.92027,453.70606000000004,122.87014999999998,6.7915,2.5490900000000005,2.714070000000001,1132.20848
2015,3,356.73598999999996,414.9937999999999,434.95654,801.2178400000001,251.45022999999992,11.06228,3.16034,2273.57702
2015,4,356.73598999999996,414.9937999999999,434.95654,801.2178400000001,251.45022999999992,11.06228,3.16034,2273.57702
2015,5,356.73598999999996,414.9937999999999,434.95654,801.2178400000001,251.45022999999992,11.06228,3.16034,2273.57702
2015,6,356.73598999999996,414.9937999999999,434.95654,801.2178400000001,251.45022999999992,11.06228,3.16034,2273.57702
2015,7,356.73598999999996,414.9937999999999,434.95654,801.2178400000001,251.45022999999992,11.06228,3.16034,2273.57702
2015,8,356.73598999999996,414.9937999999999,434.95654,801.2178400000001,251.45022999999992,11.06228,3.16034,2273.57702
2015,9,356.73598999999996,414.9937999999999,434.95654,801.2178400000001,251.45022999999992,11.06228,3.16034,2273.57702
2016,3,203.78573000000003,335.46291999999994,525.3857000000002,513.7633500000001,39.55761999999999,2.9849499999999995,3.1963600000000003,1624.1366300000004
2016,4,203.78573000000003,335.46291999999994,525.3857000000002,513.7633500000001,39.55761999999999,2.9849499999999995,3.1963600000000003,1624.1366300000004
2016,5,203.78573000000003,335.46291999999994,525.3857000000002,513.7633500000001,39.55761999999999,2.9849499999999995,3.1963600000000003,1624.1366300000004
2016,6,203.78573000000003,335.46291999999994,525.3857000000002,513.7633500000001,39.55761999999999,2.9849499999999995,3.1963600000000003,1624.1366300000004
2016,7,203.78573000000003,335.46291999999994,525.3857000000002,513.7633500000001,39.55761999999999,2.9849499999999995,3.1963600000000003,1624.1366300000004
2016,8,203.78573000000003,335.46291999999994,525.3857000000002,513.7633500000001,39.55761999999999,2.9849499999999995,3.1963600000000003,1624.1366300000004
2016,9,203.78573000000003,335.46291999999994,525.3857000000002,513.7633500000001,39.55761999999999,2.9849499999999995,3.1963600000000003,1624.1366300000004
2017,3,173.15758000000002,263.81154000000004,243.43046999999999,84.16389000000001,6.316580000000001,2.83873,2.2432300000000005,775.9620200000003
2017,4,173.15758000000002,263.81154000000004,243.43046999999999,84.16389000000001,6.316580000000001,2.83873,2.2432300000000005,775.9620200000003
2017,5,173.15758000000002,263.81154000000004,243.43046999999999,84.16389000000001,6.316580000000001,2.83873,2.2432300000000005,775.9620200000003
2017,6,173.15758000000002,263.81154000000004,243.43046999999999,84.16389000000001,6.316580000000001,2.83873,2.2432300000000005,775.9620200000003
2017,7,173.15758000000002,263.81154000000004,243.43046999999999,84.16389000000001,6.316580000000001,2.83873,2.2432300000000005,775.9620200000003
2017,8,173.15758000000002,263.81154000000004,243.43046999999999,84.16389000000001,6.316580000000001,2.83873,2.2432300000000005,775.9620200000003
2017,9,173.15758000000002,263.81154000000004,243.43046999999999,84.16389000000001,6.316580000000001,2.83873,2.2432300000000005,775.9620200000003
2018,3,275.56112,549.5711200000002,583.7290899999999,563.7006399999999,130.80630000000002,5.7786300000000015,2.44062,2111.58752
2018,4,275.56112,549.5711200000002,583.7290899999999,563.7006399999999,130.80630000000002,5.7786300000000015,2.44062,2111.58752
2018,5,275.56112,549.5711200000002,583.7290899999999,563.7006399999999,130.80630000000002,5.7786300000000015,2.44062,2111.58752
2018,6,275.56112,549.5711200000002,583.7290899999999,563.7006399999999,130.80630000000002,5.7786300000000015,2.44062,2111.58752
2018,7,275.56112,549.5711200000002,583.7290899999999,563.7006399999999,130.80630000000002,5.7786300000000015,2.44062,2111.58752
2018,8,275.56112,549.5711200000002,583.7290899999999,563.7006399999999,130.80630000000002,5.7786300000000015,2.44062,2111.58752
2018,9,275.56112,549.5711200000002,583.7290899999999,563.7006399999999,130.80630000000002,5.7786300000000015,2.44062,2111.58752
2019,3,199.48571999999996,310.30490999999995,218.46139000000002,16.15892,2.75421,2.4746600000000005,2.13939,751.7791999999998
2019,4,199.48571999999996,310.30490999999995,218.46139000000002,16.15892,2.75421,2.4746600000000005,2.13939,751.7791999999998
2019,5,199.48571999999996,310.30490999999995,218.46139000000002,16.15892,2.75421,2.4746600000000005,2.13939,751.7791999999998
2019,6,199.48571999999996,310.30490999999995,218.46139000000002,16.15892,2.75421,2.4746600000000005,2.13939,751.7791999999998
2019,7,199.48571999999996,310.30490999999995,218.46139000000002,16.15892,2.75421,2.4746600000000005,2.13939,751.7791999999998
2019,8,199.48571999999996,310.30490999999995,218.46139000000002,16.15892,2.75421,2.4746600000000005,2.13939,751.7791999999998
2019,9,199.48571999999996,310.30490999999995,218.46139000000002,16.15892,2.75421,2.4746600000000005,2.13939,751.7791999999998
2020,3,83.50039999999998,163.26239999999999,24.99051,4.0549100000000005,2.68001,2.2230299999999996,9.599730000000001,290.31098999999995
2020,4,83.50039999999998,163.26239999999999,24.99051,4.0549100000000005,2.68001,2.2230299999999996,9.599730000000001,290.31098999999995
2020,5,83.50039999999998,163.26239999999999,24.99051,4.0549100000000005,2.68001,2.2230299999999996,9.599730000000001,290.31098999999995
2020,6,83.50039999999998,163.26239999999999,24.99051,4.0549100000000005,2.68001,2.2230299999999996,9.599730000000001,290.31098999999995
2020,7,83.50039999999998,163.26239999999999,24.99051,4.0549100000000005,2.68001,2.2230299999999996,9.599730000000001,290.31098999999995
2020,8,83.50039999999998,163.26239999999999,24.99051,4.0549100000000005,2.68001,2.2230299999999996,9.599730000000001,290.31098999999995
2020,9,83.50039999999998,163.26239999999999,24.99051,4.0549100000000005,2.68001,2.2230299999999996,9.599730000000001,290.31098999999995
2021,3,114.83093000000001,518.01673,372.43629999999996,275.98591,27.589350000000003,2.95009,4.872870000000001,1316.68218
2021,4,114.83093000000001,518.01673,372.43629999999996,275.98591,27.589350000000003,2.95009,4.872870000000001,1316.68218
2021,5,114.83093000000001,518.01673,372.43629999999996,275.98591,27.589350000000003,2.95009,4.872870000000001,1316.68218
2021,6,114.83093000000001,518.01673,372.43629999999996,275.98591,27.589350000000003,2.95009,4.872870000000001,1316.68218
2021,7,114.83093000000001,518.01673,372.43629999999996,275.98591,27.589350000000003,2.95009,4.872870000000001,1316.68218
2021,8,114.83093000000001,518.01673,372.43629999999996,275.98591,27.589350000000003,2.95009,4.872870000000001,1316.68218
2021,9,114.83093000000001,518.01673,372.43629999999996,275.98591,27.589350000000003,2.95009,4.872870000000001,1316.68218
2022,3,77.87215,120.49927000000001,21.395190000000007,3.39258,2.3687800000000006,2.440540000000001,2.694479999999999,230.66299
2022,4,77.87215,120.49927000000001,21.395190000000007,3.39258,2.3687800000000006,2.440540000000001,2.694479999999999,230.66299
2022,5,77.87215,120.49927000000001,21.395190000000007,3.39258,2.3687800000000006,2.440540000000001,2.694479999999999,230.66299
2022,6,77.87215,120.49927000000001,21.395190000000007,3.39258,2.3687800000000006,2.440540000000001,2.694479999999999,230.66299
2022,7,77.87215,120.49927000000001,21.395190000000007,3.39258,2.3687800000000006,2.440540000000001,2.694479999999999,230.66299
2022,8,77.87215,120.49927000000001,21.395190000000007,3.39258,2.3687800000000006,2.440540000000001,2.694479999999999,230.66299
2022,9,77.87215,120.49927000000001,21.395190000000007,3.39258,2.3687800000000006,2.440540000000001,2.694479999999999,230.66299
2023,3,354.17569,452.8747800000001,593.48417,430.35586,81.94345000000004,3.631550000000001,2.4624700000000006,1918.92797
2023,4,354.17569,452.8747800000001,593.48417,430.35586,81.94345000000004,3.631550000000001,2.4624700000000006,1918.92797
2023,5,354.17569,452.8747800000001,593.48417,430.35586,81.94345000000004,3.631550000000001,2.4624700000000006,1918.92797
2023,6,354.17569,452.8747800000001,593.48417,430.35586,81.94345000000004,3.631550000000001,2.4624700000000006,1918.92797
2023,7,354.17569,452.8747800000001,593.48417,430.35586,81.94345000000004,3.631550000000001,2.4624700000000006,1918.92797
2023,8,354.17569,452.8747800000001,593.48417,430.35586,81.94345000000004,3.631550000000001,2.4624700000000006,1918.92797
2023,9,354.17569,452.8747800000001,593.48417,430.35586,81.94345000000004,3.631550000000001,2.4624700000000006,1918.92797
2024,3,578.8040500000002,450.2096899999998,367.61860999999993,369.0106,62.796010000000024,4.51609,4.94718,1837.90223
2024,4,578.8040500000002,450.2096899999998,367.61860999999993,369.0106,62.796010000000024,4.51609,4.94718,1837.90223
2024,5,578.8040500000002,450.2096899999998,367.61860999999993,369.0106,62.796010000000024,4.51609,4.94718,1837.90223
2024,6,578.8040500000002,450.2096899999998,367.61860999999993,369.0106,62.796010000000024,4.51609,4.94718,1837.90223
2024,7,578.8040500000002,450.2096899999998,367.61860999999993,369.0106,62.796010000000024,4.51609,4.94718,1837.90223
2024,8,578.8040500000002,450.2096899999998,367.61860999999993,369.0106,62.796010000000024,4.51609,4.94718,1837.90223
2024,9,578.8040500000002,450.2096899999998,367.61860999999993,369.0106,62.796010000000024,4.51609,4.94718,1837.90223
2025,3,268.69756,420.48350999999997,379.2334,95.58829000000001,8.412159999999998,3.3702599999999996,2.2534199999999993,1178.0385999999999
2025,4,268.69756,420.48350999999997,379.2334,95.58829000000001,8.412159999999998,3.3702599999999996,2.2534199999999993,1178.0385999999999
2025,5,268.69756,420.48350999999997,379.2334,95.58829000000001,8.412159999999998,3.3702599999999996,2.2534199999999993,1178.0385999999999
2025,6,268.69756,420.48350999999997,379.2334,95.58829000000001,8.412159999999998,3.3702599999999996,2.2534199999999993,1178.0385999999999
2025,7,268.69756,420.48350999999997,379.2334,95.58829000000001,8.412159999999998,3.3702599999999996,2.2534199999999993,1178.0385999999999
2025,8,268.69756,420.48350999999997,379.2334,95.58829000000001,8.412159999999998,3.3702599999999996,2.2534199999999993,1178.0385999999999
2025,9,268.69756,420.48350999999997,379.2334,95.58829000000001,8.412159999999998,3.3702599999999996,2.2534199999999993,1178.0385999999999
2026,3,42.43715,169.39962999999997,53.43282,16.697869999999998,3.5265600000000004,2.3839000000000006,4.6910799999999995,292.56901
2026,4,42.43715,169.39962999999997,53.43282,16.697869999999998,3.5265600000000004,2.3839000000000006,4.6910799999999995,292.56901
2026,5,42.43715,169.39962999999997,53.43282,16.697869999999998,3.5265600000000004,2.3839000000000006,4.6910799999999995,292.56901
2026,6,42.43715,169.39962999999997,53.43282,16.697869999999998,3.5265600000000004,2.3839000000000006,4.6910799999999995,292.56901
2026,7,42.43715,169.39962999999997,53.43282,16.697869999999998,3.5265600000000004,2.3839000000000006,4.6910799999999995,292.56901
2026,8,42.43715,169.39962999999997,53.43282,16.697869999999998,3.5265600000000004,2.3839000000000006,4.6910799999999995,292.56901
2026,9,42.43715,169.39962999999997,53.43282,16.697869999999998,3.5265600000000004,2.3839000000000006,4.6910799999999995,292.56901
2027,3,218.91202,240.34298,360.4875500000001,288.06847000000005,17.425839999999997,2.9214599999999997,2.2257100000000003,1130.3840300000002
2027,4,218.91202,240.34298,360.4875500000001,288.06847000000005,17.425839999999997,2.9214599999999997,2.2257100000000003,1130.3840300000002
2027,5,218.91202,240.34298,360.4875500000001,288.06847000000005,17.425839999999997,2.9214599999999997,2.2257100000000003,1130.3840300000002
2027,6,218.91202,240.34298,360.4875500000001,288.06847000000005,17.425839999999997,2.9214599999999997,2.2257100000000003,1130.3840300000002
2027,7,218.91202,240.34298,360.4875500000001,288.06847000000005,17.425839999999997,2.9214599999999997,2.2257100000000003,1130.3840300000002
2027,8,218.91202,240.34298,360.4875500000001,288.06847000000005,17.425839999999997,2.9214599999999997,2.2257100000000003,1130.3840300000002
2027,9,218.91202,240.34298,360.4875500000001,288.06847000000005,17.425839999999997,2.9214599999999997,2.2257100000000003,1130.3840300000002
2028,3,109.61466,101.05208000000002,14.630190000000002,3.33137,2.46173,2.2365,15.025460000000002,248.35199
2028,4,109.61466,101.05208000000002,14.630190000000002,3.33137,2.46173,2.2365,15.025460000000002,248.35199
2028,5,109.61466,101.05208000000002,14.630190000000002,3.33137,2.46173,2.2365,15.025460000000002,248.35199
2028,6,109.61466,101.05208000000002,14.630190000000002,3.33137,2.46173,2.2365,15.025460000000002,248.35199
2028,7,109.61466,101.05208000000002,14.630190000000002,3.33137,2.46173,2.2365,15.025460000000002,248.35199
2028,8,109.61466,101.05208000000002,14.630190000000002,3.33137,2.46173,2.2365,15.025460000000002,248.35199
2028,9,109.61466,101.05208000000002,14.630190000000002,3.33137,2.46173,2.2365,15.025460000000002,248.35199
2029,3,144.14486999999997,373.87275999999986,295.4039200000001,160.78365000000002,4.95057,2.4658899999999995,4.4254999999999995,986.0471599999998
2029,4,144.14486999999997,373.87275999999986,295.4039200000001,160.78365000000002,4.95057,2.4658899999999995,4.4254999999999995,986.0471599999998
2029,5,144.14486999999997,373.87275999999986,295.4039200000001,160.78365000000002,4.95057,2.4658899999999995,4.4254999999999995,986.0471599999998
2029,6,144.14486999999997,373.87275999999986,295.4039200000001,160.78365000000002,4.95057,2.4658899999999995,4.4254999999999995,986.0471599999998
2029,7,144.14486999999997,373.87275999999986,295.4039200000001,160.78365000000002,4.95057,2.4658899999999995,4.4254999999999995,986.0471599999998
2029,8,144.14486999999997,373.87275999999986,295.4039200000001,160.78365000000002,4.95057,2.4658899999999995,4.4254999999999995,986.0471599999998
2029,9,144.14486999999997,373.87275999999986,295.4039200000001,160.78365000000002,4.95057,2.4658899999999995,4.4254999999999995,986.0471599999998
2030,3,228.09282000000002,437.65443,583.3551100000001,312.41281000000004,41.319490000000016,3.1062399999999997,2.47132,1608.4122200000004
2030,4,228.09282000000002,437.65443,583.3551100000001,312.41281000000004,41.319490000000016,3.1062399999999997,2.47132,1608.4122200000004
2030,5,228.09282000000002,437.65443,583.3551100000001,312.41281000000004,41.319490000000016,3.1062399999999997,2.47132,1608.4122200000004
2030,6,228.09282000000002,437.65443,583.3551100000001,312.41281000000004,41.319490000000016,3.1062399999999997,2.47132,1608.4122200000004
2030,7,228.09282000000002,437.65443,583.3551100000001,312.41281000000004,41.319490000000016,3.1062399999999997,2.47132,1608.4122200000004
2030,8,228.09282000000002,437.65443,583.3551100000001,312.41281000000004,41.319490000000016,3.1062399999999997,2.47132,1608.4122200000004
2030,9,228.09282000000002,437.65443,583.3551100000001,312.41281000000004,41.319490000000016,3.1062399999999997,2.47132,1608.4122200000004
2031,3,145.42833,289.70704000000006,349.62378999999993,222.08325,12.424369999999994,3.0961900000000004,2.2482900000000003,1024.6112600000001
2031,4,145.42833,289.70704000000006,349.62378999999993,222.08325,12.424369999999994,3.0961900000000004,2.2482900000000003,1024.6112600000001
2031,5,145.42833,289.70704000000006,349.62378999999993,222.08325,12.424369999999994,3.0961900000000004,2.2482900000000003,1024.6112600000001
2031,6,145.42833,289.70704000000006,349.62378999999993,222.08325,12.424369999999994,3.0961900000000004,2.2482900000000003,1024.6112600000001
2031,7,145.42833,289.70704000000006,349.62378999999993,222.08325,12.424369999999994,3.0961900000000004,2.2482900000000003,1024.6112600000001
2031,8,145.42833,289.70704000000006,349.62378999999993,222.08325,12.424369999999994,3.0961900000000004,2.2482900000000003,1024.6112600000001
2031,9,145.42833,289.70704000000006,349.62378999999993,222.08325,12.424369999999994,3.0961900000000004,2.2482900000000003,1024.6112600000001
2032,3,144.16323,103.43646000000001,64.52053000000001,6.917720000000001,2.9302099999999998,2.3176500000000004,2.9786200000000003,327.26442
2032,4,144.16323,103.43646000000001,64.52053000000001,6.917720000000001,2.9302099999999998,2.3176500000000004,2.9786200000000003,327.26442
2032,5,144.16323,103.43646000000001,64.52053000000001,6.917720000000001,2.9302099999999998,2.3176500000000004,2.9786200000000003,327.26442
2032,6,144.16323,103.43646000000001,64.52053000000001,6.917720000000001,2.9302099999999998,2.3176500000000004,2.9786200000000003,327.26442
2032,7,144.16323,103.43646000000001,64.52053000000001,6.917720000000001,2.9302099999999998,2.3176500000000004,2.9786200000000003,327.26442
2032,8,144.16323,103.43646000000001,64.52053000000001,6.917720000000001,2.9302099999999998,2.3176500000000004,2.9786200000000003,327.26442
2032,9,144.16323,103.43646000000001,64.52053000000001,6.917720000000001,2.9302099999999998,2.3176500000000004,2.9786200000000003,327.26442
2033,3,267.39672,332.44701000000003,421.53425000000004,589.7172000000002,126.00584999999998,4.0737,3.996970000000001,1745.1717
2033,4,267.39672,332.44701000000003,421.53425000000004,589.7172000000002,126.00584999999998,4.0737,3.996970000000001,1745.1717
2033,5,267.39672,332.44701000000003,421.53425000000004,589.7172000000002,126.00584999999998,4.0737,3.996970000000001,1745.1717
2033,6,267.39672,332.44701000000003,421.53425000000004,589.7172000000002,126.00584999999998,4.0737,3.996970000000001,1745.1717
2033,7,267.39672,332.44701000000003,421.53425000000004,589.7172000000002,126.00584999999998,4.0737,3.996970000000001,1745.1717
2033,8,267.39672,332.44701000000003,421.53425000000004,589.7172000000002,126.00584999999998,4.0737,3.996970000000001,1745.1717
2033,9,267.39672,332.44701000000003,421.53425000000004,589.7172000000002,126.00584999999998,4.0737,3.996970000000001,1745.1717
2034,3,353.88298000000003,278.87297,423.49554,48.64185000000001,3.1705699999999997,2.35775,2.3021700000000003,1112.72383
2034,4,353.88298000000003,278.87297,423.49554,48.64185000000001,3.1705699999999997,2.35775,2.3021700000000003,1112.72383
2034,5,353.88298000000003,278.87297,423.49554,48.64185000000001,3.1705699999999997,2.35775,2.3021700000000003,1112.72383
2034,6,353.88298000000003,278.87297,423.49554,48.64185000000001,3.1705699999999997,2.35775,2.3021700000000003,1112.72383
2034,7,353.88298000000003,278.87297,423.49554,48.64185000000001,3.1705699999999997,2.35775,2.3021700000000003,1112.72383
2034,8,353.88298000000003,278.87297,423.49554,48.64185000000001,3.1705699999999997,2.35775,2.3021700000000003,1112.72383
2034,9,353.88298000000003,278.87297,423.49554,48.64185000000001,3.1705699999999997,2.35775,2.3021700000000003,1112.72383
2035,3,332.4161500000001,284.6039400000001,571.6531600000001,486.87233000000003,92.98090999999998,3.215739999999999,2.6054100000000004,1774.3476400000004
2035,4,332.4161500000001,284.6039400000001,571.6531600000001,486.87233000000003,92.98090999999998,3.215739999999999,2.6054100000000004,1774.3476400000004
2035,5,332.4161500000001,284.6039400000001,571.6531600000001,486.87233000000003,92.98090999999998,3.215739999999999,2.6054100000000004,1774.3476400000004
2035,6,332.4161500000001,284.6039400000001,571.6531600000001,486.87233000000003,92.98090999999998,3.215739999999999,2.6054100000000004,1774.3476400000004
2035,7,332.4161500000001,284.6039400000001,571.6531600000001,486.87233000000003,92.98090999999998,3.215739999999999,2.6054100000000004,1774.3476400000004
2035,8,332.4161500000001,284.6039400000001,571.6531600000001,486.87233000000003,92.98090999999998,3.215739999999999,2.6054100000000004,1774.3476400000004
2035,9,332.4161500000001,284.6039400000001,571.6531600000001,486.87233000000003,92.98090999999998,3.215739999999999,2.6054100000000004,1774.3476400000004
2036,3,284.52787000000006,436.98455000000007,666.45128,1226.1208300000003,616.3326200000001,158.32099000000002,7.23132,3395.9694600000007
2036,4,284.52787000000006,436.98455000000007,666.45128,1226.1208300000003,616.3326200000001,158.32099000000002,7.23132,3395.9694600000007
2036,5,284.52787000000006,436.98455000000007,666.45128,1226.1208300000003,616.3326200000001,158.32099000000002,7.23132,3395.9694600000007
2036,6,284.52787000000006,436.98455000000007,666.45128,1226.1208300000003,616.3326200000001,158.32099000000002,7.23132,3395.9694600000007
2036,7,284.52787000000006,436.98455000000007,666.45128,1226.1208300000003,616.3326200000001,158.32099000000002,7.23132,3395.9694600000007
2036,8,284.52787000000006,436.98455000000007,666.45128,1226.1208300000003,616.3326200000001,158.32099000000002,7.23132,3395.9694600000007
2036,9,284.52787000000006,436.98455000000007,666.45128,1226.1208300000003,616.3326200000001,158.32099000000002,7.23132,3395.9694600000007
2037,3,236.34171,505.7541700000001,358.12609,353.20077,24.019310000000004,2.7876100000000004,2.5058800000000003,1482.73554
2037,4,236.34171,505.7541700000001,358.12609,353.20077,24.019310000000004,2.7876100000000004,2.5058800000000003,1482.73554
2037,5,236.34171,505.7541700000001,358.12609,353.20077,24.019310000000004,2.7876100000000004,2.5058800000000003,1482.73554
2037,6,236.34171,505.7541700000001,358.12609,353.20077,24.019310000000004,2.7876100000000004,2.5058800000000003,1482.73554
2037,7,236.34171,505.7541700000001,358.12609,353.20077,24.019310000000004,2.7876100000000004,2.5058800000000003,1482.73554
2037,8,236.34171,505.7541700000001,358.12609,353.20077,24.019310000000004,2.7876100000000004,2.5058800000000003,1482.73554
2037,9,236.34171,505.7541700000001,358.12609,353.20077,24.019310000000004,2.7876100000000004,2.5058800000000003,1482.73554
2038,3,364.65051,501.92231999999996,458.89747000000006,427.3744099999999,85.50312,4.273580000000001,2.4770600000000003,1845.09847
2038,4,364.65051,501.92231999999996,458.89747000000006,427.3744099999999,85.50312,4.273580000000001,2.4770600000000003,1845.09847
2038,5,364.65051,501.92231999999996,458.89747000000006,427.3744099999999,85.50312,4.273580000000001,2.4770600000000003,1845.09847
2038,6,364.65051,501.92231999999996,458.89747000000006,427.3744099999999,85.50312,4.273580000000001,2.4770600000000003,1845.09847
2038,7,364.65051,501.92231999999996,458.89747000000006,427.3744099999999,85.50312,4.273580000000001,2.4770600000000003,1845.09847
2038,8,364.65051,501.92231999999996,458.89747000000006,427.3744099999999,85.50312,4.273580000000001,2.4770600000000003,1845.09847
2038,9,364.65051,501.92231999999996,458.89747000000006,427.3744099999999,85.50312,4.273580000000001,2.4770600000000003,1845.09847
2039,3,347.21702000000005,264.81152,352.16942,253.81915000000004,19.136969999999998,2.74573,2.26342,1242.16323
2039,4,347.21702000000005,264.81152,352.16942,253.81915000000004,19.136969999999998,2.74573,2.26342,1242.16323
2039,5,347.21702000000005,264.81152,352.16942,253.81915000000004,19.136969999999998,2.74573,2.26342,1242.16323
2039,6,347.21702000000005,264.81152,352.16942,253.81915000000004,19.136969999999998,2.74573,2.26342,1242.16323
2039,7,347.21702000000005,264.81152,352.16942,253.81915000000004,19.136969999999998,2.74573,2.26342,1242.16323
2039,8,347.21702000000005,264.81152,352.16942,253.81915000000004,19.136969999999998,2.74573,2.26342,1242.16323
2039,9,347.21702000000005,264.81152,352.16942,253.81915000000004,19.136969999999998,2.74573,2.26342,1242.16323
2040,3,377.09335999999996,411.97500999999994,308.88586000000004,128.95247999999998,5.831759999999999,3.05283,2.1681300000000006,1237.95943
2040,4,377.09335999999996,411.97500999999994,308.88586000000004,128.95247999999998,5.831759999999999,3.05283,2.1681300000000006,1237.95943
2040,5,377.09335999999996,411.97500999999994,308.88586000000004,128.95247999999998,5.831759999999999,3.05283,2.1681300000000006,1237.95943
2040,6,377.09335999999996,411.97500999999994,308.88586000000004,128.95247999999998,5.831759999999999,3.05283,2.1681300000000006,1237.95943
2040,7,377.09335999999996,411.97500999999994,308.88586000000004,128.95247999999998,5.831759999999999,3.05283,2.1681300000000006,1237.95943
2040,8,377.09335999999996,411.97500999999994,308.88586000000004,128.95247999999998,5.831759999999999,3.05283,2.1681300000000006,1237.95943
2040,9,377.09335999999996,411.97500999999994,308.88586000000004,128.95247999999998,5.831759999999999,3.05283,2.1681300000000006,1237.95943
2041,3,233.21276000000003,468.37798999999995,395.43799000000007,114.26459000000003,5.37174,2.66581,3.07634,1222.40722
2041,4,233.21276000000003,468.37798999999995,395.43799000000007,114.26459000000003,5.37174,2.66581,3.07634,1222.40722
2041,5,233.21276000000003,468.37798999999995,395.43799000000007,114.26459000000003,5.37174,2.66581,3.07634,1222.40722
2041,6,233.21276000000003,468.37798999999995,395.43799000000007,114.26459000000003,5.37174,2.66581,3.07634,1222.40722
2041,7,233.21276000000003,468.37798999999995,395.43799000000007,114.26459000000003,5.37174,2.66581,3.07634,1222.40722
2041,8,233.21276000000003,468.37798999999995,395.43799000000007,114.26459000000003,5.37174,2.66581,3.07634,1222.40722
2041,9,233.21276000000003,468.37798999999995,395.43799000000007,114.26459000000003,5.37174,2.66581,3.07634,1222.40722
2042,3,105.40838000000002,243.00831000000002,326.52434,314.5255800000001,23.945840000000004,2.9624200000000003,2.2657599999999998,1018.64063
2042,4,105.40838000000002,243.00831000000002,326.52434,314.5255800000001,23.945840000000004,2.9624200000000003,2.2657599999999998,1018.64063
2042,5,105.40838000000002,243.00831000000002,326.52434,314.5255800000001,23.945840000000004,2.9624200000000003,2.2657599999999998,1018.64063
2042,6,105.40838000000002,243.00831000000002,326.52434,314.5255800000001,23.945840000000004,2.9624200000000003,2.2657599999999998,1018.64063
2042,7,105.40838000000002,243.00831000000002,326.52434,314.5255800000001,23.945840000000004,2.9624200000000003,2.2657599999999998,1018.64063
2042,8,105.40838000000002,243.00831000000002,326.52434,314.5255800000001,23.945840000000004,2.9624200000000003,2.2657599999999998,1018.64063
2042,9,105.40838000000002,243.00831000000002,326.52434,314.5255800000001,23.945840000000004,2.9624200000000003,2.2657599999999998,1018.64063
2043,3,13.46743,21.562769999999997,2.8965999999999994,2.3923099999999997,2.2017400000000005,2.3853700000000004,6.77486,51.681079999999994
2043,4,13.46743,21.562769999999997,2.8965999999999994,2.3923099999999997,2.2017400000000005,2.3853700000000004,6.77486,51.681079999999994
2043,5,13.46743,21.562769999999997,2.8965999999999994,2.3923099999999997,2.2017400000000005,2.3853700000000004,6.77486,51.681079999999994
2043,6,13.46743,21.562769999999997,2.8965999999999994,2.3923099999999997,2.2017400000000005,2.3853700000000004,6.77486,51.681079999999994
2043,7,13.46743,21.562769999999997,2.8965999999999994,2.3923099999999997,2.2017400000000005,2.3853700000000004,6.77486,51.681079999999994
2043,8,13.46743,21.562769999999997,2.8965999999999994,2.3923099999999997,2.2017400000000005,2.3853700000000004,6.77486,51.681079999999994
2043,9,13.46743,21.562769999999997,2.8965999999999994,2.3923099999999997,2.2017400000000005,2.3853700000000004,6.77486,51.681079999999994
2044,3,400.04784,427.17792,533.17178,484.2572900000001,34.01630999999999,2.7313199999999997,2.16899,1883.57145
2044,4,400.04784,427.17792,533.17178,484.2572900000001,34.01630999999999,2.7313199999999997,2.16899,1883.57145
2044,5,400.04784,427.17792,533.17178,484.2572900000001,34.01630999999999,2.7313199999999997,2.16899,1883.57145
2044,6,400.04784,427.17792,533.17178,484.2572900000001,34.01630999999999,2.7313199999999997,2.16899,1883.57145
2044,7,400.04784,427.17792,533.17178,484.2572900000001,34.01630999999999,2.7313199999999997,2.16899,1883.57145
2044,8,400.04784,427.17792,533.17178,484.2572900000001,34.01630999999999,2.7313199999999997,2.16899,1883.57145
2044,9,400.04784,427.17792,533.17178,484.2572900000001,34.01630999999999,2.7313199999999997,2.16899,1883.57145
2045,3,359.67908,702.3307800000001,604.0981800000001,270.89079000000004,13.191379999999997,2.88401,2.4668400000000004,1955.54106
2045,4,359.67908,702.3307800000001,604.0981800000001,270.89079000000004,13.191379999999997,2.88401,2.4668400000000004,1955.54106
2045,5,359.67908,702.3307800000001,604.0981800000001,270.89079000000004,13.191379999999997,2.88401,2.4668400000000004,1955.54106
2045,6,359.67908,702.3307800000001,604.0981800000001,270.89079000000004,13.191379999999997,2.88401,2.4668400000000004,1955.54106
2045,7,359.67908,702.3307800000001,604.0981800000001,270.89079000000004,13.191379999999997,2.88401,2.4668400000000004,1955.54106
2045,8,359.67908,702.3307800000001,604.0981800000001,270.89079000000004,13.191379999999997,2.88401,2.4668400000000004,1955.54106
2045,9,359.67908,702.3307800000001,604.0981800000001,270.89079000000004,13.191379999999997,2.88401,2.4668400000000004,1955.54106
2046,3,225.51588999999996,194.71193000000005,181.20707000000002,46.01656999999999,3.1601899999999996,2.5222200000000004,2.3717900000000007,655.5056599999999
2046,4,225.51588999999996,194.71193000000005,181.20707000000002,46.01656999999999,3.1601899999999996,2.5222200000000004,2.3717900000000007,655.5056599999999
2046,5,225.51588999999996,194.71193000000005,181.20707000000002,46.01656999999999,3.1601899999999996,2.5222200000000004,2.3717900000000007,655.5056599999999
2046,6,225.51588999999996,194.71193000000005,181.20707000000002,46.01656999999999,3.1601899999999996,2.5222200000000004,2.3717900000000007,655.5056599999999
2046,7,225.51588999999996,194.71193000000005,181.20707000000002,46.01656999999999,3.1601899999999996,2.5222200000000004,2.3717900000000007,655.5056599999999
2046,8,225.51588999999996,194.71193000000005,181.20707000000002,46.01656999999999,3.1601899999999996,2.5222200000000004,2.3717900000000007,655.5056599999999
2046,9,225.51588999999996,194.71193000000005,181.20707000000002,46.01656999999999,3.1601899999999996,2.5222200000000004,2.3717900000000007,655.5056599999999
2047,3,169.67187,170.74014000000005,78.79307,5.706209999999999,2.44445,2.4905999999999997,17.974160000000005,447.82050000000004
2047,4,169.67187,170.74014000000005,78.79307,5.706209999999999,2.44445,2.4905999999999997,17.974160000000005,447.82050000000004
2047,5,169.67187,170.74014000000005,78.79307,5.706209999999999,2.44445,2.4905999999999997,17.974160000000005,447.82050000000004
2047,6,169.67187,170.74014000000005,78.79307,5.706209999999999,2.44445,2.4905999999999997,17.974160000000005,447.82050000000004
2047,7,169.67187,170.74014000000005,78.79307,5.706209999999999,2.44445,2.4905999999999997,17.974160000000005,447.82050000000004
2047,8,169.67187,170.74014000000005,78.79307,5.706209999999999,2.44445,2.4905999999999997,17.974160000000005,447.82050000000004
2047,9,169.67187,170.74014000000005,78.79307,5.706209999999999,2.44445,2.4905999999999997,17.974160000000005,447.82050000000004
2048,3,628.5397599999999,577.43553,638.12867,291.03362999999996,35.65024999999999,2.6387699999999996,3.8284300000000004,2177.25504
2048,4,628.5397599999999,577.43553,638.12867,291.03362999999996,35.65024999999999,2.6387699999999996,3.8284300000000004,2177.25504
2048,5,628.5397599999999,577.43553,638.12867,291.03362999999996,35.65024999999999,2.6387699999999996,3.8284300000000004,2177.25504
2048,6,628.5397599999999,577.43553,638.12867,291.03362999999996,35.65024999999999,2.6387699999999996,3.8284300000000004,2177.25504
2048,7,628.5397599999999,577.43553,638.12867,291.03362999999996,35.65024999999999,2.6387699999999996,3.8284300000000004,2177.25504
2048,8,628.5397599999999,577.43553,638.12867,291.03362999999996,35.65024999999999,2.6387699999999996,3.8284300000000004,2177.25504
2048,9,628.5397599999999,577.43553,638.12867,291.03362999999996,35.65024999999999,2.6387699999999996,3.8284300000000004,2177.25504
2049,3,445.88361000000003,352.9386999999999,380.36393999999996,114.07237,4.649719999999999,2.6251200000000003,3.4281500000000005,1303.9616099999998
2049,4,445.88361000000003,352.9386999999999,380.36393999999996,114.07237,4.649719999999999,2.6251200000000003,3.4281500000000005,1303.9616099999998
2049,5,445.88361000000003,352.9386999999999,380.36393999999996,114.07237,4.649719999999999,2.6251200000000003,3.4281500000000005,1303.9616099999998
2049,6,445.88361000000003,352.9386999999999,380.36393999999996,114.07237,4.649719999999999,2.6251200000000003,3.4281500000000005,1303.9616099999998
2049,7,445.88361000000003,352.9386999999999,380.36393999999996,114.07237,4.649719999999999,2.6251200000000003,3.4281500000000005,1303.9616099999998
2049,8,445.88361000000003,352.9386999999999,380.36393999999996,114.07237,4.649719999999999,2.6251200000000003,3.4281500000000005,1303.9616099999998
2049,9,445.88361000000003,352.9386999999999,380.36393999999996,114.07237,4.649719999999999,2.6251200000000003,3.4281500000000005,1303.9616099999998
2050,3,527.2535700000001,403.37052000000006,642.98905,197.55461,7.507000000000001,2.5364200000000006,156.00188,1937.21305
2050,4,527.2535700000001,403.37052000000006,642.98905,197.55461,7.507000000000001,2.5364200000000006,156.00188,1937.21305
2050,5,527.2535700000001,403.37052000000006,642.98905,197.55461,7.507000000000001,2.5364200000000006,156.00188,1937.21305
2050,6,527.2535700000001,403.37052000000006,642.98905,197.55461,7.507000000000001,2.5364200000000006,156.00188,1937.21305
2050,7,527.2535700000001,403.37052000000006,642.98905,197.55461,7.507000000000001,2.5364200000000006,156.00188,1937.21305
2050,8,527.2535700000001,403.37052000000006,642.98905,197.55461,7.507000000000001,2.5364200000000006,156.00188,1937.21305
2050,9,527.2535700000001,403.37052000000006,642.98905,197.55461,7.507000000000001,2.5364200000000006,156.00188,1937.21305
2051,3,289.59281000000004,312.37204999999994,195.39674000000005,106.61566999999998,4.4384000000000015,3.9853800000000006,2.4626100000000006,914.8636600000001
2051,4,289.59281000000004,312.37204999999994,195.39674000000005,106.61566999999998,4.4384000000000015,3.9853800000000006,2.4626100000000006,914.8636600000001
2051,5,289.59281000000004,312.37204999999994,195.39674000000005,106.61566999999998,4.4384000000000015,3.9853800000000006,2.4626100000000006,914.8636600000001
2051,6,289.59281000000004,312.37204999999994,195.39674000000005,106.61566999999998,4.4384000000000015,3.9853800000000006,2.4626100000000006,914.8636600000001
2051,7,289.59281000000004,312.37204999999994,195.39674000000005,106.61566999999998,4.4384000000000015,3.9853800000000006,2.4626100000000006,914.8636600000001
2051,8,289.59281000000004,312.37204999999994,195.39674000000005,106.61566999999998,4.4384000000000015,3.9853800000000006,2.4626100000000006,914.8636600000001
2051,9,289.59281000000004,312.37204999999994,195.39674000000005,106.61566999999998,4.4384000000000015,3.9853800000000006,2.4626100000000006,914.8636600000001
2052,3,222.70237000000003,241.73314000000002,236.93293,38.860409999999995,3.07892,2.4989900000000005,3.9078400000000006,749.7146
2052,4,222.70237000000003,241.73314000000002,236.93293,38.860409999999995,3.07892,2.4989900000000005,3.9078400000000006,749.7146
2052,5,222.70237000000003,241.73314000000002,236.93293,38.860409999999995,3.07892,2.4989900000000005,3.9078400000000006,749.7146
2052,6,222.70237000000003,241.73314000000002,236.93293,38.860409999999995,3.07892,2.4989900000000005,3.9078400000000006,749.7146
2052,7,222.70237000000003,241.73314000000002,236.93293,38.860409999999995,3.07892,2.4989900000000005,3.9078400000000006,749.7146
2052,8,222.70237000000003,241.73314000000002,236.93293,38.860409999999995,3.07892,2.4989900000000005,3.9078400000000006,749.7146
2052,9,222.70237000000003,241.73314000000002,236.93293,38.860409999999995,3.07892,2.4989900000000005,3.9078400000000006,749.7146
2053,3,58.23017,271.833,141.0909,5.991360000000002,2.96713,2.6754499999999997,2.432009999999999,485.22002000000003
2053,4,58.23017,271.833,141.0909,5.991360000000002,2.96713,2.6754499999999997,2.432009999999999,485.22002000000003
2053,5,58.23017,271.833,141.0909,5.991360000000002,2.96713,2.6754499999999997,2.432009999999999,485.22002000000003
2053,6,58.23017,271.833,141.0909,5.991360000000002,2.96713,2.6754499999999997,2.432009999999999,485.22002000000003
2053,7,58.23017,271.833,141.0909,5.991360000000002,2.96713,2.6754499999999997,2.432009999999999,485.22002000000003
2053,8,58.23017,271.833,141.0909,5.991360000000002,2.96713,2.6754499999999997,2.432009999999999,485.22002000000003
2053,9,58.23017,271.833,141.0909,5.991360000000002,2.96713,2.6754499999999997,2.432009999999999,485.22002000000003
2054,3,282.87208999999996,299.76592,83.77243,6.02034,2.6626400000000006,2.3802100000000004,3.01892,680.4925499999999
2054,4,282.87208999999996,299.76592,83.77243,6.02034,2.6626400000000006,2.3802100000000004,3.01892,680.4925499999999
2054,5,282.87208999999996,299.76592,83.77243,6.02034,2.6626400000000006,2.3802100000000004,3.01892,680.4925499999999
2054,6,282.87208999999996,299.76592,83.77243,6.02034,2.6626400000000006,2.3802100000000004,3.01892,680.4925499999999
2054,7,282.87208999999996,299.76592,83.77243,6.02034,2.6626400000000006,2.3802100000000004,3.01892,680.4925499999999
2054,8,282.87208999999996,299.76592,83.77243,6.02034,2.6626400000000006,2.3802100000000004,3.01892,680.4925499999999
2054,9,282.87208999999996,299.76592,83.77243,6.02034,2.6626400000000006,2.3802100000000004,3.01892,680.4925499999999
2055,3,141.96903,242.80870000000004,107.27201000000001,7.11055,3.0058599999999993,2.38943,2.34845,506.90403000000003
2055,4,141.96903,242.80870000000004,107.27201000000001,7.11055,3.0058599999999993,2.38943,2.34845,506.90403000000003
2055,5,141.96903,242.80870000000004,107.27201000000001,7.11055,3.0058599999999993,2.38943,2.34845,506.90403000000003
2055,6,141.96903,242.80870000000004,107.27201000000001,7.11055,3.0058599999999993,2.38943,2.34845,506.90403000000003
2055,7,141.96903,242.80870000000004,107.27201000000001,7.11055,3.0058599999999993,2.38943,2.34845,506.90403000000003
2055,8,141.96903,242.80870000000004,107.27201000000001,7.11055,3.0058599999999993,2.38943,2.34845,506.90403000000003
2055,9,141.96903,242.80870000000004,107.27201000000001,7.11055,3.0058599999999993,2.38943,2.34845,506.90403000000003
2056,3,219.34678,303.37041000000005,71.04878000000004,4.255809999999999,2.5164400000000002,2.505720000000001,2.8478200000000005,605.8917600000001
2056,4,219.34678,303.37041000000005,71.04878000000004,4.255809999999999,2.5164400000000002,2.505720000000001,2.8478200000000005,605.8917600000001
2056,5,219.34678,303.37041000000005,71.04878000000004,4.255809999999999,2.5164400000000002,2.505720000000001,2.8478200000000005,605.8917600000001
2056,6,219.34678,303.37041000000005,71.04878000000004,4.255809999999999,2.5164400000000002,2.505720000000001,2.8478200000000005,605.8917600000001
2056,7,219.34678,303.37041000000005,71.04878000000004,4.255809999999999,2.5164400000000002,2.505720000000001,2.8478200000000005,605.8917600000001
2056,8,219.34678,303.37041000000005,71.04878000000004,4.255809999999999,2.5164400000000002,2.505720000000001,2.8478200000000005,605.8917600000001
2056,9,219.34678,303.37041000000005,71.04878000000004,4.255809999999999,2.5164400000000002,2.505720000000001,2.8478200000000005,605.8917600000001
2057,3,277.83938000000006,608.5638800000002,192.10115,59.66541000000001,3.83606,2.6255300000000004,2.3423200000000004,1146.9737300000004
2057,4,277.83938000000006,608.5638800000002,192.10115,59.66541000000001,3.83606,2.6255300000000004,2.3423200000000004,1146.9737300000004
2057,5,277.83938000000006,608.5638800000002,192.10115,59.66541000000001,3.83606,2.6255300000000004,2.3423200000000004,1146.9737300000004
2057,6,277.83938000000006,608.5638800000002,192.10115,59.66541000000001,3.83606,2.6255300000000004,2.3423200000000004,1146.9737300000004
2057,7,277.83938000000006,608.5638800000002,192.10115,59.66541000000001,3.83606,2.6255300000000004,2.3423200000000004,1146.9737300000004
2057,8,277.83938000000006,608.5638800000002,192.10115,59.66541000000001,3.83606,2.6255300000000004,2.3423200000000004,1146.9737300000004
2057,9,277.83938000000006,608.5638800000002,192.10115,59.66541000000001,3.83606,2.6255300000000004,2.3423200000000004,1146.9737300000004
2058,3,796.61924,417.8015300000001,240.07229999999998,27.526170000000004,3.2454600000000005,2.5594099999999997,2.1285900000000004,1489.9527000000005
2058,4,796.61924,417.8015300000001,240.07229999999998,27.526170000000004,3.2454600000000005,2.5594099999999997,2.1285900000000004,1489.9527000000005
2058,5,796.61924,417.8015300000001,240.07229999999998,27.526170000000004,3.2454600000000005,2.5594099999999997,2.1285900000000004,1489.9527000000005
2058,6,796.61924,417.8015300000001,240.07229999999998,27.526170000000004,3.2454600000000005,2.5594099999999997,2.1285900000000004,1489.9527000000005
2058,7,796.61924,417.8015300000001,240.07229999999998,27.526170000000004,3.2454600000000005,2.5594099999999997,2.1285900000000004,1489.9527000000005
2058,8,796.61924,417.8015300000001,240.07229999999998,27.526170000000004,3.2454600000000005,2.5594099999999997,2.1285900000000004,1489.9527000000005
2058,9,796.61924,417.8015300000001,240.07229999999998,27.526170000000004,3.2454600000000005,2.5594099999999997,2.1285900000000004,1489.9527000000005
2059,3,626.0075300000002,359.77232,377.7559099999999,240.69769000000005,18.943620000000006,2.52839,2.2368099999999997,1627.94227
2059,4,626.0075300000002,359.77232,377.7559099999999,240.69769000000005,18.943620000000006,2.52839,2.2368099999999997,1627.94227
2059,5,626.0075300000002,359.77232,377.7559099999999,240.69769000000005,18.943620000000006,2.52839,2.2368099999999997,1627.94227
2059,6,626.0075300000002,359.77232,377.7559099999999,240.69769000000005,18.943620000000006,2.52839,2.2368099999999997,1627.94227
2059,7,626.0075300000002,359.77232,377.7559099999999,240.69769000000005,18.943620000000006,2.52839,2.2368099999999997,1627.94227
2059,8,626.0075300000002,359.77232,377.7559099999999,240.69769000000005,18.943620000000006,2.52839,2.2368099999999997,1627.94227
2059,9,626.0075300000002,359.77232,377.7559099999999,240.69769000000005,18.943620000000006,2.52839,2.2368099999999997,1627.94227
2060,3,47.10803000000001,114.72568,25.890930000000004,3.6332000000000004,2.4479,2.9079800000000007,2.1496300000000006,198.86335
2060,4,47.10803000000001,114.72568,25.890930000000004,3.6332000000000004,2.4479,2.9079800000000007,2.1496300000000006,198.86335
2060,5,47.10803000000001,114.72568,25.890930000000004,3.6332000000000004,2.4479,2.9079800000000007,2.1496300000000006,198.86335
2060,6,47.10803000000001,114.72568,25.890930000000004,3.6332000000000004,2.4479,2.9079800000000007,2.1496300000000006,198.86335
2060,7,47.10803000000001,114.72568,25.890930000000004,3.6332000000000004,2.4479,2.9079800000000007,2.1496300000000006,198.86335
2060,8,47.10803000000001,114.72568,25.890930000000004,3.6332000000000004,2.4479,2.9079800000000007,2.1496300000000006,198.86335
2060,9,47.10803000000001,114.72568,25.890930000000004,3.6332000000000004,2.4479,2.9079800000000007,2.1496300000000006,198.86335
2061,3,80.77890000000002,112.98749999999998,149.15443999999994,15.530470000000005,2.9335499999999994,2.4789100000000004,2.86483,366.7285999999999
2061,4,80.77890000000002,112.98749999999998,149.15443999999994,15.530470000000005,2.9335499999999994,2.4789100000000004,2.86483,366.7285999999999
2061,5,80.77890000000002,112.98749999999998,149.15443999999994,15.530470000000005,2.9335499999999994,2.4789100000000004,2.86483,366.7285999999999
2061,6,80.77890000000002,112.98749999999998,149.15443999999994,15.530470000000005,2.9335499999999994,2.4789100000000004,2.86483,366.7285999999999
2061,7,80.77890000000002,112.98749999999998,149.15443999999994,15.530470000000005,2.9335499999999994,2.4789100000000004,2.86483,366.7285999999999
2061,8,80.77890000000002,112.98749999999998,149.15443999999994,15.530470000000005,2.9335499999999994,2.4789100000000004,2.86483,366.7285999999999
2061,9,80.77890000000002,112.98749999999998,149.15443999999994,15.530470000000005,2.9335499999999994,2.4789100000000004,2.86483,366.7285999999999
2062,3,127.43586000000003,315.71352,162.13802,4.79158,2.7195,2.499470000000001,2.19367,617.49162
2062,4,127.43586000000003,315.71352,162.13802,4.79158,2.7195,2.499470000000001,2.19367,617.49162
2062,5,127.43586000000003,315.71352,162.13802,4.79158,2.7195,2.499470000000001,2.19367,617.49162
2062,6,127.43586000000003,315.71352,162.13802,4.79158,2.7195,2.499470000000001,2.19367,617.49162
2062,7,127.43586000000003,315.71352,162.13802,4.79158,2.7195,2.499470000000001,2.19367,617.49162
2062,8,127.43586000000003,315.71352,162.13802,4.79158,2.7195,2.499470000000001,2.19367,617.49162
2062,9,127.43586000000003,315.71352,162.13802,4.79158,2.7195,2.499470000000001,2.19367,617.49162
2063,3,72.20547,46.82303,8.984400000000003,2.8650999999999995,2.48562,2.3625100000000003,2.1902999999999997,137.91643000000002
2063,4,72.20547,46.82303,8.984400000000003,2.8650999999999995,2.48562,2.3625100000000003,2.1902999999999997,137.91643000000002
2063,5,72.20547,46.82303,8.984400000000003,2.8650999999999995,2.48562,2.3625100000000003,2.1902999999999997,137.91643000000002
2063,6,72.20547,46.82303,8.984400000000003,2.8650999999999995,2.48562,2.3625100000000003,2.1902999999999997,137.91643000000002
2063,7,72.20547,46.82303,8.984400000000003,2.8650999999999995,2.48562,2.3625100000000003,2.1902999999999997,137.91643000000002
2063,8,72.20547,46.82303,8.984400000000003,2.8650999999999995,2.48562,2.3625100000000003,2.1902999999999997,137.91643000000002
2063,9,72.20547,46.82303,8.984400000000003,2.8650999999999995,2.48562,2.3625100000000003,2.1902999999999997,137.91643000000002
2064,3,380.59422000000006,446.3524799999999,123.83415,11.33471,4.268659999999999,2.94621,16.78899,986.1194199999999
2064,4,380.59422000000006,446.3524799999999,123.83415,11.33471,4.268659999999999,2.94621,16.78899,986.1194199999999
2064,5,380.59422000000006,446.3524799999999,123.83415,11.33471,4.268659999999999,2.94621,16.78899,986.1194199999999
2064,6,380.59422000000006,446.3524799999999,123.83415,11.33471,4.268659999999999,2.94621,16.78899,986.1194199999999
2064,7,380.59422000000006,446.3524799999999,123.83415,11.33471,4.268659999999999,2.94621,16.78899,986.1194199999999
2064,8,380.59422000000006,446.3524799999999,123.83415,11.33471,4.268659999999999,2.94621,16.78899,986.1194199999999
2064,9,380.59422000000006,446.3524799999999,123.83415,11.33471,4.268659999999999,2.94621,16.78899,986.1194199999999
2065,3,343.28192,297.03864999999996,162.36532000000003,6.760370000000002,2.8085999999999993,2.3560699999999994,2.4648100000000004,817.07574
2065,4,343.28192,297.03864999999996,162.36532000000003,6.760370000000002,2.8085999999999993,2.3560699999999994,2.4648100000000004,817.07574
2065,5,343.28192,297.03864999999996,162.36532000000003,6.760370000000002,2.8085999999999993,2.3560699999999994,2.4648100000000004,817.07574
2065,6,343.28192,297.03864999999996,162.36532000000003,6.760370000000002,2.8085999999999993,2.3560699999999994,2.4648100000000004,817.07574
2065,7,343.28192,297.03864999999996,162.36532000000003,6.760370000000002,2.8085999999999993,2.3560699999999994,2.4648100000000004,817.07574
2065,8,343.28192,297.03864999999996,162.36532000000003,6.760370000000002,2.8085999999999993,2.3560699999999994,2.4648100000000004,817.07574
2065,9,343.28192,297.03864999999996,162.36532000000003,6.760370000000002,2.8085999999999993,2.3560699999999994,2.4648100000000004,817.07574
2066,3,195.29346,260.80777,95.21938000000002,5.199059999999999,2.8429099999999994,2.9726999999999997,2.22877,564.5640500000001
2066,4,195.29346,260.80777,95.21938000000002,5.199059999999999,2.8429099999999994,2.9726999999999997,2.22877,564.5640500000001
2066,5,195.29346,260.80777,95.21938000000002,5.199059999999999,2.8429099999999994,2.9726999999999997,2.22877,564.5640500000001
2066,6,195.29346,260.80777,95.21938000000002,5.199059999999999,2.8429099999999994,2.9726999999999997,2.22877,564.5640500000001
2066,7,195.29346,260.80777,95.21938000000002,5.199059999999999,2.8429099999999994,2.9726999999999997,2.22877,564.5640500000001
2066,8,195.29346,260.80777,95.21938000000002,5.199059999999999,2.8429099999999994,2.9726999999999997,2.22877,564.5640500000001
2066,9,195.29346,260.80777,95.21938000000002,5.199059999999999,2.8429099999999994,2.9726999999999997,2.22877,564.5640500000001
2067,3,58.95689,77.97256,7.181439999999999,3.1920600000000006,2.5604,2.25629,7.308000000000002,159.42764
2067,4,58.95689,77.97256,7.181439999999999,3.1920600000000006,2.5604,2.25629,7.308000000000002,159.42764
2067,5,58.95689,77.97256,7.181439999999999,3.1920600000000006,2.5604,2.25629,7.308000000000002,159.42764
2067,6,58.95689,77.97256,7.181439999999999,3.1920600000000006,2.5604,2.25629,7.308000000000002,159.42764
2067,7,58.95689,77.97256,7.181439999999999,3.1920600000000006,2.5604,2.25629,7.308000000000002,159.42764
2067,8,58.95689,77.97256,7.181439999999999,3.1920600000000006,2.5604,2.25629,7.308000000000002,159.42764
2067,9,58.95689,77.97256,7.181439999999999,3.1920600000000006,2.5604,2.25629,7.308000000000002,159.42764
2068,3,210.69227000000004,162.98425,152.15873000000002,5.4147300000000005,2.4381899999999996,2.7853400000000006,2.16945,538.64296
2068,4,210.69227000000004,162.98425,152.15873000000002,5.4147300000000005,2.4381899999999996,2.7853400000000006,2.16945,538.64296
2068,5,210.69227000000004,162.98425,152.15873000000002,5.4147300000000005,2.4381899999999996,2.7853400000000006,2.16945,538.64296
2068,6,210.69227000000004,162.98425,152.15873000000002,5.4147300000000005,2.4381899999999996,2.7853400000000006,2.16945,538.64296
2068,7,210.69227000000004,162.98425,152.15873000000002,5.4147300000000005,2.4381899999999996,2.7853400000000006,2.16945,538.64296
2068,8,210.69227000000004,162.98425,152.15873000000002,5.4147300000000005,2.4381899999999996,2.7853400000000006,2.16945,538.64296
2068,9,210.69227000000004,162.98425,152.15873000000002,5.4147300000000005,2.4381899999999996,2.7853400000000006,2.16945,538.64296
2069,3,175.2151,118.10546,21.051370000000002,3.4818600000000015,2.33444,2.5239799999999994,2.3273800000000002,325.03959
2069,4,175.2151,118.10546,21.051370000000002,3.4818600000000015,2.33444,2.5239799999999994,2.3273800000000002,325.03959
2069,5,175.2151,118.10546,21.051370000000002,3.4818600000000015,2.33444,2.5239799999999994,2.3273800000000002,325.03959
2069,6,175.2151,118.10546,21.051370000000002,3.4818600000000015,2.33444,2.5239799999999994,2.3273800000000002,325.03959
2069,7,175.2151,118.10546,21.051370000000002,3.4818600000000015,2.33444,2.5239799999999994,2.3273800000000002,325.03959
2069,8,175.2151,118.10546,21.051370000000002,3.4818600000000015,2.33444,2.5239799999999994,2.3273800000000002,325.03959
2069,9,175.2151,118.10546,21.051370000000002,3.4818600000000015,2.33444,2.5239799999999994,2.3273800000000002,325.03959
2070,3,133.71721,208.54068000000004,110.62438999999999,4.81006,2.523809999999999,2.3168900000000003,2.7210799999999993,465.25412000000006
2070,4,133.71721,208.54068000000004,110.62438999999999,4.81006,2.523809999999999,2.3168900000000003,2.7210799999999993,465.25412000000006
2070,5,133.71721,208.54068000000004,110.62438999999999,4.81006,2.523809999999999,2.3168900000000003,2.7210799999999993,465.25412000000006
2070,6,133.71721,208.54068000000004,110.62438999999999,4.81006,2.523809999999999,2.3168900000000003,2.7210799999999993,465.25412000000006
2070,7,133.71721,208.54068000000004,110.62438999999999,4.81006,2.523809999999999,2.3168900000000003,2.7210799999999993,465.25412000000006
2070,8,133.71721,208.54068000000004,110.62438999999999,4.81006,2.523809999999999,2.3168900000000003,2.7210799999999993,465.25412000000006
2070,9,133.71721,208.54068000000004,110.62438999999999,4.81006,2.523809999999999,2.3168900000000003,2.7210799999999993,465.25412000000006
2071,3,275.83704000000006,399.9045499999999,546.63632,109.25888000000002,5.165700000000001,2.8225100000000003,2.33901,1341.96401
2071,4,275.83704000000006,399.9045499999999,546.63632,109.25888000000002,5.165700000000001,2.8225100000000003,2.33901,1341.96401
2071,5,275.83704000000006,399.9045499999999,546.63632,109.25888000000002,5.165700000000001,2.8225100000000003,2.33901,1341.96401
2071,6,275.83704000000006,399.9045499999999,546.63632,109.25888000000002,5.165700000000001,2.8225100000000003,2.33901,1341.96401
2071,7,275.83704000000006,399.9045499999999,546.63632,109.25888000000002,5.165700000000001,2.8225100000000003,2.33901,1341.96401
2071,8,275.83704000000006,399.9045499999999,546.63632,109.25888000000002,5.165700000000001,2.8225100000000003,2.33901,1341.96401
2071,9,275.83704000000006,399.9045499999999,546.63632,109.25888000000002,5.165700000000001,2.8225100000000003,2.33901,1341.96401
2072,3,460.59616999999986,207.36517,59.938410000000005,3.3041999999999994,2.3275200000000003,2.41537,2.7633300000000007,738.71017
2072,4,460.59616999999986,207.36517,59.938410000000005,3.3041999999999994,2.3275200000000003,2.41537,2.7633300000000007,738.71017
2072,5,460.59616999999986,207.36517,59.938410000000005,3.3041999999999994,2.3275200000000003,2.41537,2.7633300000000007,738.71017
2072,6,460.59616999999986,207.36517,59.938410000000005,3.3041999999999994,2.3275200000000003,2.41537,2.7633300000000007,738.71017
2072,7,460.59616999999986,207.36517,59.938410000000005,3.3041999999999994,2.3275200000000003,2.41537,2.7633300000000007,738.71017
2072,8,460.59616999999986,207.36517,59.938410000000005,3.3041999999999994,2.3275200000000003,2.41537,2.7633300000000007,738.71017
2072,9,460.59616999999986,207.36517,59.938410000000005,3.3041999999999994,2.3275200000000003,2.41537,2.7633300000000007,738.71017
2073,3,380.03495999999996,297.86839,121.65987999999997,36.939499999999995,3.8159,2.6383400000000004,2.7634899999999996,845.7204599999999
2073,4,380.03495999999996,297.86839,121.65987999999997,36.939499999999995,3.8159,2.6383400000000004,2.7634899999999996,845.7204599999999
2073,5,380.03495999999996,297.86839,121.65987999999997,36.939499999999995,3.8159,2.6383400000000004,2.7634899999999996,845.7204599999999
2073,6,380.03495999999996,297.86839,121.65987999999997,36.939499999999995,3.8159,2.6383400000000004,2.7634899999999996,845.7204599999999
2073,7,380.03495999999996,297.86839,121.65987999999997,36.939499999999995,3.8159,2.6383400000000004,2.7634899999999996,845.7204599999999
2073,8,380.03495999999996,297.86839,121.65987999999997,36.939499999999995,3.8159,2.6383400000000004,2.7634899999999996,845.7204599999999
2073,9,380.03495999999996,297.86839,121.65987999999997,36.939499999999995,3.8159,2.6383400000000004,2.7634899999999996,845.7204599999999
2074,3,200.99866,453.35512,439.83714,71.04612,3.2938199999999997,2.43604,2.2038,1173.1707000000001
2074,4,200.99866,453.35512,439.83714,71.04612,3.2938199999999997,2.43604,2.2038,1173.1707000000001
2074,5,200.99866,453.35512,439.83714,71.04612,3.2938199999999997,2.43604,2.2038,1173.1707000000001
2074,6,200.99866,453.35512,439.83714,71.04612,3.2938199999999997,2.43604,2.2038,1173.1707000000001
2074,7,200.99866,453.35512,439.83714,71.04612,3.2938199999999997,2.43604,2.2038,1173.1707000000001
2074,8,200.99866,453.35512,439.83714,71.04612,3.2938199999999997,2.43604,2.2038,1173.1707000000001
2074,9,200.99866,453.35512,439.83714,71.04612,3.2938199999999997,2.43604,2.2038,1173.1707000000001
2075,3,141.86211,289.28708,64.61870000000003,4.03232,2.4783799999999996,2.54671,2.88606,507.71136000000007
2075,4,141.86211,289.28708,64.61870000000003,4.03232,2.4783799999999996,2.54671,2.88606,507.71136000000007
2075,5,141.86211,289.28708,64.61870000000003,4.03232,2.4783799999999996,2.54671,2.88606,507.71136000000007
2075,6,141.86211,289.28708,64.61870000000003,4.03232,2.4783799999999996,2.54671,2.88606,507.71136000000007
2075,7,141.86211,289.28708,64.61870000000003,4.03232,2.4783799999999996,2.54671,2.88606,507.71136000000007
2075,8,141.86211,289.28708,64.61870000000003,4.03232,2.4783799999999996,2.54671,2.88606,507.71136000000007
2075,9,141.86211,289.28708,64.61870000000003,4.03232,2.4783799999999996,2.54671,2.88606,507.71136000000007
2076,3,345.57527000000005,176.95909999999998,54.272209999999994,3.790050000000001,3.0093399999999995,3.8805400000000003,7.86512,595.35163
2076,4,345.57527000000005,176.95909999999998,54.272209999999994,3.790050000000001,3.0093399999999995,3.8805400000000003,7.86512,595.35163
2076,5,345.57527000000005,176.95909999999998,54.272209999999994,3.790050000000001,3.0093399999999995,3.8805400000000003,7.86512,595.35163
2076,6,345.57527000000005,176.95909999999998,54.272209999999994,3.790050000000001,3.0093399999999995,3.8805400000000003,7.86512,595.35163
2076,7,345.57527000000005,176.95909999999998,54.272209999999994,3.790050000000001,3.0093399999999995,3.8805400000000003,7.86512,595.35163
2076,8,345.57527000000005,176.95909999999998,54.272209999999994,3.790050000000001,3.0093399999999995,3.8805400000000003,7.86512,595.35163
2076,9,345.57527000000005,176.95909999999998,54.272209999999994,3.790050000000001,3.0093399999999995,3.8805400000000003,7.86512,595.35163
2077,3,434.5171,400.3509199999999,424.29411999999985,169.64104000000003,6.3940199999999985,2.7690099999999997,2.24427,1440.2104799999995
2077,4,434.5171,400.3509199999999,424.29411999999985,169.64104000000003,6.3940199999999985,2.7690099999999997,2.24427,1440.2104799999995
2077,5,434.5171,400.3509199999999,424.29411999999985,169.64104000000003,6.3940199999999985,2.7690099999999997,2.24427,1440.2104799999995
2077,6,434.5171,400.3509199999999,424.29411999999985,169.64104000000003,6.3940199999999985,2.7690099999999997,2.24427,1440.2104799999995
2077,7,434.5171,400.3509199999999,424.29411999999985,169.64104000000003,6.3940199999999985,2.7690099999999997,2.24427,1440.2104799999995
2077,8,434.5171,400.3509199999999,424.29411999999985,169.64104000000003,6.3940199999999985,2.7690099999999997,2.24427,1440.2104799999995
2077,9,434.5171,400.3509199999999,424.29411999999985,169.64104000000003,6.3940199999999985,2.7690099999999997,2.24427,1440.2104799999995
2078,3,746.65642,443.4907,215.40307,24.49422,2.7983200000000004,2.9721200000000003,2.8853600000000004,1438.7002100000002
2078,4,746.65642,443.4907,215.40307,24.49422,2.7983200000000004,2.9721200000000003,2.8853600000000004,1438.7002100000002
2078,5,746.65642,443.4907,215.40307,24.49422,2.7983200000000004,2.9721200000000003,2.8853600000000004,1438.7002100000002
2078,6,746.65642,443.4907,215.40307,24.49422,2.7983200000000004,2.9721200000000003,2.8853600000000004,1438.7002100000002
2078,7,746.65642,443.4907,215.40307,24.49422,2.7983200000000004,2.9721200000000003,2.8853600000000004,1438.7002100000002
2078,8,746.65642,443.4907,215.40307,24.49422,2.7983200000000004,2.9721200000000003,2.8853600000000004,1438.7002100000002
2078,9,746.65642,443.4907,215.40307,24.49422,2.7983200000000004,2.9721200000000003,2.8853600000000004,1438.7002100000002
2079,3,314.41155999999995,226.13352,133.69416999999999,5.4379300000000015,2.46551,2.8617,2.6375200000000003,687.64191
2079,4,314.41155999999995,226.13352,133.69416999999999,5.4379300000000015,2.46551,2.8617,2.6375200000000003,687.64191
2079,5,314.41155999999995,226.13352,133.69416999999999,5.4379300000000015,2.46551,2.8617,2.6375200000000003,687.64191
2079,6,314.41155999999995,226.13352,133.69416999999999,5.4379300000000015,2.46551,2.8617,2.6375200000000003,687.64191
2079,7,314.41155999999995,226.13352,133.69416999999999,5.4379300000000015,2.46551,2.8617,2.6375200000000003,687.64191
2079,8,314.41155999999995,226.13352,133.69416999999999,5.4379300000000015,2.46551,2.8617,2.6375200000000003,687.64191
2079,9,314.41155999999995,226.13352,133.69416999999999,5.4379300000000015,2.46551,2.8617,2.6375200000000003,687.64191
2080,3,421.85912999999994,358.14707999999996,302.98618000000005,49.97946000000002,4.00611,3.4764300000000006,2.7766700000000006,1143.2310599999998
2080,4,421.85912999999994,358.14707999999996,302.98618000000005,49.97946000000002,4.00611,3.4764300000000006,2.7766700000000006,1143.2310599999998
2080,5,421.85912999999994,358.14707999999996,302.98618000000005,49.97946000000002,4.00611,3.4764300000000006,2.7766700000000006,1143.2310599999998
2080,6,421.85912999999994,358.14707999999996,302.98618000000005,49.97946000000002,4.00611,3.4764300000000006,2.7766700000000006,1143.2310599999998
2080,7,421.85912999999994,358.14707999999996,302.98618000000005,49.97946000000002,4.00611,3.4764300000000006,2.7766700000000006,1143.2310599999998
2080,8,421.85912999999994,358.14707999999996,302.98618000000005,49.97946000000002,4.00611,3.4764300000000006,2.7766700000000006,1143.2310599999998
2080,9,421.85912999999994,358.14707999999996,302.98618000000005,49.97946000000002,4.00611,3.4764300000000006,2.7766700000000006,1143.2310599999998
2081,3,425.55708,284.7120500000001,261.8836,11.050180000000005,2.6865599999999996,2.421460000000001,2.85028,991.1612100000001
2081,4,425.55708,284.7120500000001,261.8836,11.050180000000005,2.6865599999999996,2.421460000000001,2.85028,991.1612100000001
2081,5,425.55708,284.7120500000001,261.8836,11.050180000000005,2.6865599999999996,2.421460000000001,2.85028,991.1612100000001
2081,6,425.55708,284.7120500000001,261.8836,11.050180000000005,2.6865599999999996,2.421460000000001,2.85028,991.1612100000001
2081,7,425.55708,284.7120500000001,261.8836,11.050180000000005,2.6865599999999996,2.421460000000001,2.85028,991.1612100000001
2081,8,425.55708,284.7120500000001,261.8836,11.050180000000005,2.6865599999999996,2.421460000000001,2.85028,991.1612100000001
2081,9,425.55708,284.7120500000001,261.8836,11.050180000000005,2.6865599999999996,2.421460000000001,2.85028,991.1612100000001
2082,3,141.92881,233.31140999999997,77.48574999999998,3.9474399999999994,2.46462,2.54542,4.35266,466.03610999999995
2082,4,141.92881,233.31140999999997,77.48574999999998,3.9474399999999994,2.46462,2.54542,4.35266,466.03610999999995
2082,5,141.92881,233.31140999999997,77.48574999999998,3.9474399999999994,2.46462,2.54542,4.35266,466.03610999999995
2082,6,141.92881,233.31140999999997,77.48574999999998,3.9474399999999994,2.46462,2.54542,4.35266,466.03610999999995
2082,7,141.92881,233.31140999999997,77.48574999999998,3.9474399999999994,2.46462,2.54542,4.35266,466.03610999999995
2082,8,141.92881,233.31140999999997,77.48574999999998,3.9474399999999994,2.46462,2.54542,4.35266,466.03610999999995
2082,9,141.92881,233.31140999999997,77.48574999999998,3.9474399999999994,2.46462,2.54542,4.35266,466.03610999999995
2083,3,332.6204599999999,333.47411,251.55168000000006,16.46356,2.94681,2.4748299999999994,2.12543,941.6568800000001
2083,4,332.6204599999999,333.47411,251.55168000000006,16.46356,2.94681,2.4748299999999994,2.12543,941.6568800000001
2083,5,332.6204599999999,333.47411,251.55168000000006,16.46356,2.94681,2.4748299999999994,2.12543,941.6568800000001
2083,6,332.6204599999999,333.47411,251.55168000000006,16.46356,2.94681,2.4748299999999994,2.12543,941.6568800000001
2083,7,332.6204599999999,333.47411,251.55168000000006,16.46356,2.94681,2.4748299999999994,2.12543,941.6568800000001
2083,8,332.6204599999999,333.47411,251.55168000000006,16.46356,2.94681,2.4748299999999994,2.12543,941.6568800000001
2083,9,332.6204599999999,333.47411,251.55168000000006,16.46356,2.94681,2.4748299999999994,2.12543,941.6568800000001
2084,3,39.95617,42.23279,12.330499999999999,2.9641299999999995,2.3252300000000004,2.82395,2.74172,105.37449000000001
2084,4,39.95617,42.23279,12.330499999999999,2.9641299999999995,2.3252300000000004,2.82395,2.74172,105.37449000000001
2084,5,39.95617,42.23279,12.330499999999999,2.9641299999999995,2.3252300000000004,2.82395,2.74172,105.37449000000001
2084,6,39.95617,42.23279,12.330499999999999,2.9641299999999995,2.3252300000000004,2.82395,2.74172,105.37449000000001
2084,7,39.95617,42.23279,12.330499999999999,2.9641299999999995,2.3252300000000004,2.82395,2.74172,105.37449000000001
2084,8,39.95617,42.23279,12.330499999999999,2.9641299999999995,2.3252300000000004,2.82395,2.74172,105.37449000000001
2084,9,39.95617,42.23279,12.330499999999999,2.9641299999999995,2.3252300000000004,2.82395,2.74172,105.37449000000001
2085,3,330.9717399999999,259.21360999999996,275.0505200000002,13.27243,3.044149999999999,2.34362,51.60067,935.4967399999999
2085,4,330.9717399999999,259.21360999999996,275.0505200000002,13.27243,3.044149999999999,2.34362,51.60067,935.4967399999999
2085,5,330.9717399999999,259.21360999999996,275.0505200000002,13.27243,3.044149999999999,2.34362,51.60067,935.4967399999999
2085,6,330.9717399999999,259.21360999999996,275.0505200000002,13.27243,3.044149999999999,2.34362,51.60067,935.4967399999999
2085,7,330.9717399999999,259.21360999999996,275.0505200000002,13.27243,3.044149999999999,2.34362,51.60067,935.4967399999999
2085,8,330.9717399999999,259.21360999999996,275.0505200000002,13.27243,3.044149999999999,2.34362,51.60067,935.4967399999999
2085,9,330.9717399999999,259.21360999999996,275.0505200000002,13.27243,3.044149999999999,2.34362,51.60067,935.4967399999999
2086,3,306.92420000000004,168.49492999999998,20.91984,4.397830000000001,2.5470800000000007,2.75141,22.102629999999994,528.13792
2086,4,306.92420000000004,168.49492999999998,20.91984,4.397830000000001,2.5470800000000007,2.75141,22.102629999999994,528.13792
2086,5,306.92420000000004,168.49492999999998,20.91984,4.397830000000001,2.5470800000000007,2.75141,22.102629999999994,528.13792
2086,6,306.92420000000004,168.49492999999998,20.91984,4.397830000000001,2.5470800000000007,2.75141,22.102629999999994,528.13792
2086,7,306.92420000000004,168.49492999999998,20.91984,4.397830000000001,2.5470800000000007,2.75141,22.102629999999994,528.13792
2086,8,306.92420000000004,168.49492999999998,20.91984,4.397830000000001,2.5470800000000007,2.75141,22.102629999999994,528.13792
2086,9,306.92420000000004,168.49492999999998,20.91984,4.397830000000001,2.5470800000000007,2.75141,22.102629999999994,528.13792
2087,3,273.95792,358.31465000000003,270.0923600000001,35.25562,2.9194800000000005,2.6298599999999994,35.85121,979.0211000000003
2087,4,273.95792,358.31465000000003,270.0923600000001,35.25562,2.9194800000000005,2.6298599999999994,35.85121,979.0211000000003
2087,5,273.95792,358.31465000000003,270.0923600000001,35.25562,2.9194800000000005,2.6298599999999994,35.85121,979.0211000000003
2087,6,273.95792,358.31465000000003,270.0923600000001,35.25562,2.9194800000000005,2.6298599999999994,35.85121,979.0211000000003
2087,7,273.95792,358.31465000000003,270.0923600000001,35.25562,2.9194800000000005,2.6298599999999994,35.85121,979.0211000000003
2087,8,273.95792,358.31465000000003,270.0923600000001,35.25562,2.9194800000000005,2.6298599999999994,35.85121,979.0211000000003
2087,9,273.95792,358.31465000000003,270.0923600000001,35.25562,2.9194800000000005,2.6298599999999994,35.85121,979.0211000000003
2088,3,353.82868999999994,128.26463,11.437119999999998,3.05071,3.05216,2.4789000000000008,2.2796200000000004,504.39182999999997
2088,4,353.82868999999994,128.26463,11.437119999999998,3.05071,3.05216,2.4789000000000008,2.2796200000000004,504.39182999999997
2088,5,353.82868999999994,128.26463,11.437119999999998,3.05071,3.05216,2.4789000000000008,2.2796200000000004,504.39182999999997
2088,6,353.82868999999994,128.26463,11.437119999999998,3.05071,3.05216,2.4789000000000008,2.2796200000000004,504.39182999999997
2088,7,353.82868999999994,128.26463,11.437119999999998,3.05071,3.05216,2.4789000000000008,2.2796200000000004,504.39182999999997
2088,8,353.82868999999994,128.26463,11.437119999999998,3.05071,3.05216,2.4789000000000008,2.2796200000000004,504.39182999999997
2088,9,353.82868999999994,128.26463,11.437119999999998,3.05071,3.05216,2.4789000000000008,2.2796200000000004,504.39182999999997
2089,3,297.82433,240.52,59.262439999999984,4.772949999999998,2.6632799999999994,2.54437,3.0052499999999998,610.59262
2089,4,297.82433,240.52,59.262439999999984,4.772949999999998,2.6632799999999994,2.54437,3.0052499999999998,610.59262
2089,5,297.82433,240.52,59.262439999999984,4.772949999999998,2.6632799999999994,2.54437,3.0052499999999998,610.59262
2089,6,297.82433,240.52,59.262439999999984,4.772949999999998,2.6632799999999994,2.54437,3.0052499999999998,610.59262
2089,7,297.82433,240.52,59.262439999999984,4.772949999999998,2.6632799999999994,2.54437,3.0052499999999998,610.59262
2089,8,297.82433,240.52,59.262439999999984,4.772949999999998,2.6632799999999994,2.54437,3.0052499999999998,610.59262
2089,9,297.82433,240.52,59.262439999999984,4.772949999999998,2.6632799999999994,2.54437,3.0052499999999998,610.59262
2090,3,218.77263,481.70190999999994,254.61647999999997,4.76892,2.75713,2.5993699999999995,20.7984,986.0148399999998
2090,4,218.77263,481.70190999999994,254.61647999999997,4.76892,2.75713,2.5993699999999995,20.7984,986.0148399999998
2090,5,218.77263,481.70190999999994,254.61647999999997,4.76892,2.75713,2.5993699999999995,20.7984,986.0148399999998
2090,6,218.77263,481.70190999999994,254.61647999999997,4.76892,2.75713,2.5993699999999995,20.7984,986.0148399999998
2090,7,218.77263,481.70190999999994,254.61647999999997,4.76892,2.75713,2.5993699999999995,20.7984,986.0148399999998
2090,8,218.77263,481.70190999999994,254.61647999999997,4.76892,2.75713,2.5993699999999995,20.7984,986.0148399999998
2090,9,218.77263,481.70190999999994,254.61647999999997,4.76892,2.75713,2.5993699999999995,20.7984,986.0148399999998
2091,3,689.18889,366.90550999999994,324.65600000000006,87.03883,2.9896800000000003,2.27528,5.295500000000001,1478.3496899999998
2091,4,689.18889,366.90550999999994,324.65600000000006,87.03883,2.9896800000000003,2.27528,5.295500000000001,1478.3496899999998
2091,5,689.18889,366.90550999999994,324.65600000000006,87.03883,2.9896800000000003,2.27528,5.295500000000001,1478.3496899999998
2091,6,689.18889,366.90550999999994,324.65600000000006,87.03883,2.9896800000000003,2.27528,5.295500000000001,1478.3496899999998
2091,7,689.18889,366.90550999999994,324.65600000000006,87.03883,2.9896800000000003,2.27528,5.295500000000001,1478.3496899999998
2091,8,689.18889,366.90550999999994,324.65600000000006,87.03883,2.9896800000000003,2.27528,5.295500000000001,1478.3496899999998
2091,9,689.18889,366.90550999999994,324.65600000000006,87.03883,2.9896800000000003,2.27528,5.295500000000001,1478.3496899999998
2092,3,134.17132,64.58203999999999,5.970670000000001,3.7298399999999994,2.46399,2.7904200000000006,7.3782999999999985,221.08658
2092,4,134.17132,64.58203999999999,5.970670000000001,3.7298399999999994,2.46399,2.7904200000000006,7.3782999999999985,221.08658
2092,5,134.17132,64.58203999999999,5.970670000000001,3.7298399999999994,2.46399,2.7904200000000006,7.3782999999999985,221.08658
2092,6,134.17132,64.58203999999999,5.970670000000001,3.7298399999999994,2.46399,2.7904200000000006,7.3782999999999985,221.08658
2092,7,134.17132,64.58203999999999,5.970670000000001,3.7298399999999994,2.46399,2.7904200000000006,7.3782999999999985,221.08658
2092,8,134.17132,64.58203999999999,5.970670000000001,3.7298399999999994,2.46399,2.7904200000000006,7.3782999999999985,221.08658
2092,9,134.17132,64.58203999999999,5.970670000000001,3.7298399999999994,2.46399,2.7904200000000006,7.3782999999999985,221.08658
2093,3,477.9205400000001,197.08613999999997,12.539049999999998,3.5049799999999998,2.9898100000000003,2.3402900000000004,3.065130000000001,699.4459400000001
2093,4,477.9205400000001,197.08613999999997,12.539049999999998,3.5049799999999998,2.9898100000000003,2.3402900000000004,3.065130000000001,699.4459400000001
2093,5,477.9205400000001,197.08613999999997,12.539049999999998,3.5049799999999998,2.9898100000000003,2.3402900000000004,3.065130000000001,699.4459400000001
2093,6,477.9205400000001,197.08613999999997,12.539049999999998,3.5049799999999998,2.9898100000000003,2.3402900000000004,3.065130000000001,699.4459400000001
2093,7,477.9205400000001,197.08613999999997,12.539049999999998,3.5049799999999998,2.9898100000000003,2.3402900000000004,3.065130000000001,699.4459400000001
2093,8,477.9205400000001,197.08613999999997,12.539049999999998,3.5049799999999998,2.9898100000000003,2.3402900000000004,3.065130000000001,699.4459400000001
2093,9,477.9205400000001,197.08613999999997,12.539049999999998,3.5049799999999998,2.9898100000000003,2.3402900000000004,3.065130000000001,699.4459400000001
2094,3,117.70471000000002,218.97587000000001,29.402240000000006,3.544760000000001,2.6339399999999995,2.3037500000000004,2.7348400000000006,377.30011
2094,4,117.70471000000002,218.97587000000001,29.402240000000006,3.544760000000001,2.6339399999999995,2.3037500000000004,2.7348400000000006,377.30011
2094,5,117.70471000000002,218.97587000000001,29.402240000000006,3.544760000000001,2.6339399999999995,2.3037500000000004,2.7348400000000006,377.30011
2094,6,117.70471000000002,218.97587000000001,29.402240000000006,3.544760000000001,2.6339399999999995,2.3037500000000004,2.7348400000000006,377.30011
2094,7,117.70471000000002,218.97587000000001,29.402240000000006,3.544760000000001,2.6339399999999995,2.3037500000000004,2.7348400000000006,377.30011
2094,8,117.70471000000002,218.97587000000001,29.402240000000006,3.544760000000001,2.6339399999999995,2.3037500000000004,2.7348400000000006,377.30011
2094,9,117.70471000000002,218.97587000000001,29.402240000000006,3.544760000000001,2.6339399999999995,2.3037500000000004,2.7348400000000006,377.30011
2095,3,310.0214300000001,225.27369999999996,31.326169999999994,2.9668200000000002,2.5759300000000005,2.3193099999999998,2.9878,577.47116
2095,4,310.0214300000001,225.27369999999996,31.326169999999994,2.9668200000000002,2.5759300000000005,2.3193099999999998,2.9878,577.47116
2095,5,310.0214300000001,225.27369999999996,31.326169999999994,2.9668200000000002,2.5759300000000005,2.3193099999999998,2.9878,577.47116
2095,6,310.0214300000001,225.27369999999996,31.326169999999994,2.9668200000000002,2.5759300000000005,2.3193099999999998,2.9878,577.47116
2095,7,310.0214300000001,225.27369999999996,31.326169999999994,2.9668200000000002,2.5759300000000005,2.3193099999999998,2.9878,577.47116
2095,8,310.0214300000001,225.27369999999996,31.326169999999994,2.9668200000000002,2.5759300000000005,2.3193099999999998,2.9878,577.47116
2095,9,310.0214300000001,225.27369999999996,31.326169999999994,2.9668200000000002,2.5759300000000005,2.3193099999999998,2.9878,577.47116
2096,3,318.45552999999995,277.75238,240.40412999999998,32.225159999999995,2.9920499999999994,2.7094,3.01418,877.5528299999999
2096,4,318.45552999999995,277.75238,240.40412999999998,32.225159999999995,2.9920499999999994,2.7094,3.01418,877.5528299999999
2096,5,318.45552999999995,277.75238,240.40412999999998,32.225159999999995,2.9920499999999994,2.7094,3.01418,877.5528299999999
2096,6,318.45552999999995,277.75238,240.40412999999998,32.225159999999995,2.9920499999999994,2.7094,3.01418,877.5528299999999
2096,7,318.45552999999995,277.75238,240.40412999999998,32.225159999999995,2.9920499999999994,2.7094,3.01418,877.5528299999999
2096,8,318.45552999999995,277.75238,240.40412999999998,32.225159999999995,2.9920499999999994,2.7094,3.01418,877.5528299999999
2096,9,318.45552999999995,277.75238,240.40412999999998,32.225159999999995,2.9920499999999994,2.7094,3.01418,877.5528299999999
2097,3,337.61929,332.9178700000001,55.25302,3.6473099999999996,2.641770000000001,2.57725,3.4146099999999997,738.0711200000001
2097,4,337.61929,332.9178700000001,55.25302,3.6473099999999996,2.641770000000001,2.57725,3.4146099999999997,738.0711200000001
2097,5,337.61929,332.9178700000001,55.25302,3.6473099999999996,2.641770000000001,2.57725,3.4146099999999997,738.0711200000001
2097,6,337.61929,332.9178700000001,55.25302,3.6473099999999996,2.641770000000001,2.57725,3.4146099999999997,738.0711200000001
2097,7,337.61929,332.9178700000001,55.25302,3.6473099999999996,2.641770000000001,2.57725,3.4146099999999997,738.0711200000001
2097,8,337.61929,332.9178700000001,55.25302,3.6473099999999996,2.641770000000001,2.57725,3.4146099999999997,738.0711200000001
2097,9,337.61929,332.9178700000001,55.25302,3.6473099999999996,2.641770000000001,2.57725,3.4146099999999997,738.0711200000001
2098,3,802.1624600000001,445.00939999999997,152.31633,4.719879999999999,2.53317,2.47619,2.4666300000000003,1411.68406
2098,4,802.1624600000001,445.00939999999997,152.31633,4.719879999999999,2.53317,2.47619,2.4666300000000003,1411.68406
2098,5,802.1624600000001,445.00939999999997,152.31633,4.719879999999999,2.53317,2.47619,2.4666300000000003,1411.68406
2098,6,802.1624600000001,445.00939999999997,152.31633,4.719879999999999,2.53317,2.47619,2.4666300000000003,1411.68406
2098,7,802.1624600000001,445.00939999999997,152.31633,4.719879999999999,2.53317,2.47619,2.4666300000000003,1411.68406
2098,8,802.1624600000001,445.00939999999997,152.31633,4.719879999999999,2.53317,2.47619,2.4666300000000003,1411.68406
2098,9,802.1624600000001,445.00939999999997,152.31633,4.719879999999999,2.53317,2.47619,2.4666300000000003,1411.68406
2099,3,536.7443800000002,210.71643999999998,35.452279999999995,3.7073200000000015,2.5059099999999996,2.3347300000000004,2.31033,793.7713900000002
2099,4,536.7443800000002,210.71643999999998,35.452279999999995,3.7073200000000015,2.5059099999999996,2.3347300000000004,2.31033,793.7713900000002
2099,5,536.7443800000002,210.71643999999998,35.452279999999995,3.7073200000000015,2.5059099999999996,2.3347300000000004,2.31033,793.7713900000002
2099,6,536.7443800000002,210.71643999999998,35.452279999999995,3.7073200000000015,2.5059099999999996,2.3347300000000004,2.31033,793.7713900000002
2099,7,536.7443800000002,210.71643999999998,35.452279999999995,3.7073200000000015,2.5059099999999996,2.3347300000000004,2.31033,793.7713900000002
2099,8,536.7443800000002,210.71643999999998,35.452279999999995,3.7073200000000015,2.5059099999999996,2.3347300000000004,2.31033,793.7713900000002
2099,9,536.7443800000002,210.71643999999998,35.452279999999995,3.7073200000000015,2.5059099999999996,2.3347300000000004,2.31033,793.7713900000002
