,AVERY_11294500,BEARDSLEY PH NR STRAWBERRY CA_11292820,BEAVER C DIV TO MCKAYS POINT RES NR ARNO_11295210,BEAVER CR BEL DIV DAM NR ARNOLD CA_11295230,BL MCKAYS POINT DAM_11295270,CLARK FORK STANISLAUS R NR DARDANELLE CA_11292500,HIGHLAND CREEK BELOW NEW SPICER_11294000,HOBART C AT NF DIV TUNNL OUTLT NR SPICER_11293700,JW SOUTHERN PP A SND BAR DIV DAM NR LNG BRN CA,MF STANISLAUS R A HELLS HALF ACRE BRIDGE_11292700,MF STANISLAUS R AT KENNEDY MDWS NR DARD_11292000,MF STANISLAUS R BL BEARDSLEY DAM CA_11292900,MF STANISLAUS R BL SND BAR DIV DAM NR AV_11293200,NF STANISLAUS DIV TU OL BL HOBART C_11293710,NF STANISLAUS R BL BEAVER C NR HATHAWAY_11295300,NF STANISLAUS R BL DIV DAM NR BIG MDW CA_11293600,NF STANISLAUS R BL SILVER C CA_11293500,SF STANISLAUS R A STRAWBERRY CA_11296500,SF STANISLAUS R NR LONG BARN CA_11298000,SF STANISLAUS R NR STRAWBERRY CA_11297200,USGS_11292610 DONNELLS PH,USGS_11293580_NF STAN R DIV TUNNEL,USGS_11295250_COLLIERVILLE PP,USGS_11295505_STANISLAUS PP,USGS_11297000_PHILADELPHIA CN,USGS_11297500_TUOLUMNE CN
2009-10-01,0.486863939,1.370069376,0.0,0.008073623,0.068503469,0.0,0.4648449670000001,0.0,0.993300297,0.711946765,0.112541413,0.357196659,0.0,0.0,0.075843126,0.026912077000000003,0.0,0.134560385,0.014679315,0.0,0.0,0.0,0.330284582,1.218383123,0.061163811,0.073396574
2009-10-02,0.486863939,1.367622823,0.0,0.008073623,0.068503469,0.0,0.4648449670000001,0.0,0.99574685,0.790236443,0.112541413,0.357196659,0.0,0.0,0.075843126,0.029358629,0.0,0.134560385,0.01492397,0.0,0.0,0.0,0.371875973,1.162112416,0.061163811,0.073396574
2009-10-03,0.486863939,1.357836613,0.0,0.008073623,0.068503469,0.0,0.4648449670000001,0.0,0.998193402,0.790236443,0.112541413,0.354750106,0.0,0.0,0.075843126,0.029358629,0.0,0.134560385,0.01492397,0.0,0.0,0.0,0.239762141,1.208596913,0.061163811,0.073396574
2009-10-04,0.494203596,1.355390061,0.0,0.008073623,0.068503469,0.0,0.462398414,0.0,0.990853745,0.790236443,0.114987965,0.354750106,0.0,0.0,0.075843126,0.029358629,0.0,0.134560385,0.014679315,0.0,0.0,0.0,0.300925952,1.176791731,0.061163811,0.073396574
2009-10-05,0.489310491,1.348050404,0.0,0.008073623,0.068503469,0.0,0.526008778,0.0,0.973727877,0.7853433390000001,0.114987965,0.357196659,0.0,0.0,0.075843126,0.029358629,0.0,0.132113833,0.014679315,0.0,0.0,0.0,0.364536316,1.233062438,0.061163811,0.073396574
2009-10-06,0.6458898479999999,1.345603851,0.0,0.004159139,0.068503469,0.0,0.6312105339999999,0.0,0.968834773,0.7828967859999999,0.114987965,0.357196659,0.0,0.0,0.073396574,0.029358629,0.0,0.134560385,0.01492397,0.0,0.0,0.0,0.247101798,1.137646892,0.061163811,0.073396574
2009-10-07,0.663015716,1.335817641,0.0,0.002030639,0.068503469,0.0,0.555367408,0.0,0.968834773,0.7828967859999999,0.112541413,0.357196659,0.0,0.0,0.070950021,0.029358629,0.0,0.137006938,0.01492397,0.0,0.0,0.0,0.330284582,1.14498655,0.061163811,0.073396574
2009-10-08,0.484417386,1.333371089,0.0,0.008073623,0.061163811,0.0,0.452612204,0.0,0.959048563,0.7828967859999999,0.112541413,0.352303554,0.0,0.0,0.068503469,0.029358629,0.0,0.137006938,0.01492397,0.0,0.0,0.0,0.283800085,1.259974515,0.061163811,0.073396574
2009-10-09,0.477077729,1.326031431,0.0,0.009541555,0.058717259,0.0,0.455058757,0.0,0.971281325,0.778003681,0.112541413,0.344963896,0.0,0.0,0.068503469,0.029358629,0.0,0.137006938,0.01492397,0.0,0.0,0.0,0.315605267,1.122967577,0.061163811,0.068503469
2009-10-10,0.477077729,1.323584879,0.0,0.00978621,0.058717259,0.0,0.455058757,0.0,0.963941668,0.7755571290000001,0.112541413,0.342517344,0.0,0.0,0.068503469,0.029358629,0.0,0.134560385,0.01492397,0.0,0.0,0.0,0.256888008,1.12541413,0.061163811,0.061163811
2009-10-11,0.477077729,1.316245221,0.0,0.00978621,0.058717259,0.0,0.455058757,0.0,0.951708906,0.7755571290000001,0.110094861,0.34007079100000004,0.0,0.0,0.068503469,0.029358629,0.0,0.134560385,0.01492397,0.0,0.0,0.0,0.354750106,1.152326207,0.061163811,0.061163811
2009-10-12,0.4648449670000001,1.308905565,0.0,0.010030865,0.058717259,0.0,0.41836047,0.0,0.951708906,0.7755571290000001,0.110094861,0.342517344,0.0,0.0,0.068503469,0.029358629,0.0,0.134560385,0.018104488,0.0,0.0,0.0,0.594512247,1.10584171,0.061163811,0.013700694
2009-10-13,0.880758884,1.306459012,0.002691208,0.078289679,0.053824154000000006,0.0,0.396341498,0.0,0.949262353,0.81714852,0.188384539,0.347410449,0.0,0.0,0.132113833,0.048931049,0.0,0.14679314699999998,0.02006173,0.0,0.0,0.063610364,0.809808863,1.198810704,0.061163811,0.0
2009-10-14,1.475271131,1.301565907,0.022997593,0.137006938,0.044037944,0.0,0.403681155,0.0,0.946815801,0.917457171,0.315605267,0.349857001,0.0,0.0,0.181044882,0.048931049,0.0,0.183491434,0.020306385,0.0,0.0,0.078289679,1.296672802,1.152326207,0.061163811,0.0
2009-10-15,0.55781396,1.296672802,0.002691208,0.041591392000000005,0.044037944,0.0,0.469738072,0.0,0.941922696,0.795129548,0.203063854,0.344963896,0.0,0.0,0.085629336,0.044037944,0.0,0.14679314699999998,0.02006173,0.0,0.0,0.001052018,0.560260513,1.122967577,0.061163811,0.0
2009-10-16,0.582279485,1.289333144,0.0,0.024465525,0.044037944,0.0,0.501543254,0.0,0.941922696,0.778003681,0.190831092,0.342517344,0.0,0.0,0.070950021,0.041591392000000005,0.0,0.137006938,0.02006173,0.0,0.0,0.0,0.415913918,1.213490018,0.061163811,0.0
2009-10-17,0.582279485,1.284440039,0.0,0.021040351,0.046484497,0.0,0.503989806,0.0,0.929689934,0.7755571290000001,0.185937987,0.342517344,0.0,0.0,0.068503469,0.039144839,0.0,0.134560385,0.019327764,0.0,0.0,0.0,0.425700127,1.061803766,0.061163811,0.017859833000000002
2009-10-18,0.572493275,1.281993487,0.0,0.018838454,0.048931049,0.0,0.503989806,0.0,0.927243381,0.773110576,0.190831092,0.344963896,0.0,0.0,0.068503469,0.036698287,0.0,0.12966728,0.015168625,0.0,0.0,0.0,0.364536316,1.12541413,0.061163811,0.061163811
2009-10-19,0.574939827,0.582279485,0.0,0.018104488,0.051377602,0.0,0.455058757,0.0,0.42814668,0.773110576,0.205510406,0.342517344,0.0,0.0,0.068503469,0.036698287,0.0,0.137006938,0.015168625,0.0,0.0,0.0,0.411020813,0.658122611,0.066056916,0.061163811
2009-10-20,0.469738072,1.272207278,0.0,0.019083109,0.048931049,0.0,0.406127708,0.0,0.907670961,0.831827835,0.181044882,0.349857001,0.0,0.0,0.068503469,0.036698287,0.0,0.151686252,0.01492397,0.0,0.0,0.0,0.574939827,1.056910661,0.085629336,0.053824154000000006
2009-10-21,0.455058757,1.272207278,0.0,0.018104488,0.051377602,0.0,0.40857426,0.0,0.905224409,0.93702959,0.163919015,0.349857001,0.0,0.0,0.068503469,0.034251734,0.0,0.1492397,0.01492397,0.0,0.0,0.0,0.611638114,1.127860682,0.085629336,0.044037944
2009-10-22,0.450165652,1.262421068,0.0,0.017125867,0.051377602,0.0,0.406127708,0.0,0.897884751,0.93702959,0.154132805,0.349857001,0.0,0.0,0.068503469,0.034251734,0.0,0.1492397,0.01492397,0.0,0.0,0.0,0.643443296,1.137646892,0.08318278400000001,0.044037944
2009-10-23,0.445272547,1.259974515,0.0,0.016391901,0.053824154000000006,0.0,0.403681155,0.0,0.905224409,0.934583038,0.1492397,0.352303554,0.0,0.0,0.070950021,0.031805182,0.0,0.1492397,0.01492397,0.0,0.0,0.0,0.335177687,1.157219312,0.08318278400000001,0.041591392000000005
2009-10-24,0.442825995,1.259974515,0.0,0.016147246,0.051377602,0.0,0.486863939,0.0,0.905224409,0.927243381,0.14679314699999998,0.344963896,0.0,0.0,0.068503469,0.031805182,0.0,0.151686252,0.01492397,0.0,0.0,0.0,0.210403511,1.157219312,0.08318278400000001,0.044037944
2009-10-25,0.763324366,0.640996744,0.0,0.015657936,0.051377602,0.0,1.012872717,0.0,0.300925952,0.927243381,0.144346595,0.342517344,0.0,0.0,0.068503469,0.031805182,0.0,0.1492397,0.01541328,0.0,0.0,0.0,0.198170749,0.555367408,0.085629336,0.044037944
2009-10-26,1.436126292,0.095415546,0.0,0.01541328,0.051377602,0.0,1.2452952,0.0,0.0,0.927243381,0.141900042,0.342517344,0.0,0.0,0.068503469,0.031805182,0.0,0.1492397,0.015168625,0.0,0.0,0.0,0.39878805,0.0,0.085629336,0.044037944
2009-10-27,0.890545094,0.0,0.0,0.01492397,0.051377602,0.0,0.533348436,0.0,0.0,0.919903724,0.13945349,0.342517344,0.0,0.0,0.068503469,0.029358629,0.0,0.1492397,0.015168625,0.0,0.0,0.0,0.357196659,0.0,0.08318278400000001,0.044037944
2009-10-28,0.459951862,0.0,0.0,0.014679315,0.053824154000000006,0.0,0.406127708,0.0,0.0,0.912564066,0.134560385,0.344963896,0.0,0.0,0.068503469,0.029358629,0.0,0.1492397,0.01492397,0.0,0.0,0.0,0.58717259,0.0,0.08318278400000001,0.044037944
2009-10-29,0.445272547,0.0,0.0,0.01492397,0.053824154000000006,0.0,0.406127708,0.0,0.0,0.912564066,0.134560385,0.347410449,0.0,0.0,0.068503469,0.029358629,0.0,0.1492397,0.01492397,0.0,0.0,0.0,0.296032847,0.0,0.088075888,0.044037944
2009-10-30,0.445272547,0.0,0.0,0.015168625,0.053824154000000006,0.0,0.406127708,0.0,0.0,0.912564066,0.134560385,0.349857001,0.0,0.0,0.068503469,0.029358629,0.0,0.1492397,0.015168625,0.0,0.0,0.0,0.41836047,0.0,0.085629336,0.044037944
2009-10-31,0.442825995,0.0,0.0,0.015168625,0.053824154000000006,0.0,0.406127708,0.0,0.0,0.905224409,0.132113833,0.349857001,0.0,0.0,0.070950021,0.029358629,0.0,0.1492397,0.015168625,0.0,0.0,0.0,0.347410449,0.0,0.08318278400000001,0.044037944
2009-11-01,0.442825995,0.0,0.0,0.01492397,0.053824154000000006,0.0,0.406127708,0.0,0.0,0.902777856,0.132113833,0.344963896,0.0,0.0,0.068503469,0.029358629,0.0,0.154132805,0.01492397,0.0,0.0,0.0,0.433039785,0.0,0.085629336,0.044037944
2009-11-02,0.440379442,0.0,0.0,0.01492397,0.053824154000000006,0.0,0.406127708,0.0,0.0,0.902777856,0.12966728,0.344963896,0.0,0.0,0.068503469,0.029358629,0.0,0.15902591,0.015168625,0.0,0.0,0.0,0.389001841,0.0,0.085629336,0.044037944
2009-11-03,0.440379442,0.0,0.0,0.014679315,0.053824154000000006,0.0,0.406127708,0.0,0.0,0.8954381990000001,0.127220728,0.342517344,0.0,0.0,0.070950021,0.036698287,0.0,0.15902591,0.01541328,0.0,0.0,0.007095002,0.371875973,0.0,0.085629336,0.044037944
2009-11-04,0.452612204,0.0,0.0,0.014679315,0.056270706,0.0,0.406127708,0.0,0.0,0.8954381990000001,0.127220728,0.342517344,0.0,0.0,0.070950021,0.048931049,0.0,0.156579357,0.015168625,0.0,0.0,0.058717259,0.296032847,0.0,0.08318278400000001,0.044037944
2009-11-05,0.462398414,0.0,0.0,0.014434659,0.056270706,0.0,0.406127708,0.0,0.0,0.892991647,0.124774175,0.344963896,0.0,0.0,0.070950021,0.048931049,0.0,0.156579357,0.015168625,0.0,0.0,0.061163811,0.320498372,0.0,0.08318278400000001,0.044037944
2009-11-06,0.462398414,0.0,0.0,0.014679315,0.056270706,0.0,0.406127708,0.0,0.0,0.888098542,0.122327623,0.347410449,0.0,0.0,0.068503469,0.048931049,0.0,0.156579357,0.015168625,0.0,0.0,0.061163811,0.420807022,0.0,0.08318278400000001,0.044037944
2009-11-07,0.4648449670000001,0.0,0.0,0.014679315,0.053824154000000006,0.0,0.406127708,0.0,0.0,0.880758884,0.124774175,0.342517344,0.0,0.0,0.070950021,0.048931049,0.0,0.154132805,0.015657936,0.0,0.0,0.061163811,0.2984794,0.0,0.090522441,0.044037944
2009-11-08,0.4648449670000001,0.0,0.0,0.014679315,0.053824154000000006,0.0,0.406127708,0.0,0.0,0.880758884,0.122327623,0.347410449,0.0,0.0,0.068503469,0.048931049,0.0,0.154132805,0.015902591,0.0,0.0,0.061163811,0.354750106,0.0,0.088075888,0.044037944
2009-11-09,0.462398414,0.0,0.0,0.014679315,0.053824154000000006,0.0,0.393894946,0.0,0.0,0.8734192270000001,0.11988107,0.342517344,0.0,0.0,0.068503469,0.048931049,0.0,0.154132805,0.015902591,0.0,0.0,0.061163811,0.494203596,0.0,0.085629336,0.044037944
2009-11-10,0.4354863370000001,0.0,0.0,0.014679315,0.053824154000000006,0.0,0.376769078,0.0,0.0,0.8709726740000001,0.11988107,0.342517344,0.0,0.0,0.068503469,0.048931049,0.0,0.154132805,0.015902591,0.0,0.0,0.061163811,0.391448393,0.0,0.085629336,0.044037944
2009-11-11,0.42814668,0.0,0.0,0.014679315,0.053824154000000006,0.0,0.376769078,0.0,0.0,0.8709726740000001,0.11988107,0.344963896,0.0,0.0,0.068503469,0.048931049,0.0,0.154132805,0.015902591,0.0,0.0,0.058717259,0.381662183,0.0,0.085629336,0.044037944
2009-11-12,0.445272547,0.0,0.0,0.017125867,0.053824154000000006,0.0,0.376769078,0.0,0.0,0.8734192270000001,0.122327623,0.347410449,0.0,0.0,0.068503469,0.048931049,0.0,0.154132805,0.015902591,0.0,0.0,0.061163811,0.315605267,0.156579357,0.085629336,0.044037944
2009-11-13,0.43793289,0.0,0.0,0.017370522,0.051377602,0.0,0.401234603,0.0,0.0,0.8636330170000001,0.11988107,0.347410449,0.0,0.0,0.068503469,0.048931049,0.0,0.154132805,0.015902591,0.0,0.0,0.058717259,0.415913918,0.212850064,0.085629336,0.044037944
2009-11-14,0.472184624,0.0,0.0,0.016147246,0.053824154000000006,0.0,0.411020813,0.0,0.0,0.8636330170000001,0.117434518,0.347410449,0.0,0.0,0.070950021,0.048931049,0.0,0.154132805,0.015902591,0.0,0.0,0.058717259,0.42814668,0.012232762,0.085629336,0.044037944
2009-11-15,0.469738072,0.0,0.0,0.015657936,0.053824154000000006,0.0,0.411020813,0.0,0.0,0.85629336,0.117434518,0.347410449,0.0,0.0,0.068503469,0.048931049,0.0,0.151686252,0.015902591,0.0,0.0,0.058717259,0.4305932320000001,0.053824154000000006,0.085629336,0.044037944
2009-11-16,0.489310491,0.0,0.0,0.01541328,0.053824154000000006,0.0,0.445272547,0.0,0.0,0.848953702,0.117434518,0.349857001,0.0,0.0,0.068503469,0.048931049,0.0,0.1492397,0.015902591,0.0,0.0,0.058717259,0.34007079100000004,0.342517344,0.08318278400000001,0.044037944
2009-11-17,0.530901883,0.0,0.0,0.01541328,0.051377602,0.0,0.508882911,0.0,0.0,0.848953702,0.117434518,0.349857001,0.0,0.0,0.068503469,0.048931049,0.0,0.1492397,0.015902591,0.0,0.0,0.058717259,0.325391477,0.39878805,0.08318278400000001,0.044037944
2009-11-18,0.7046071070000001,0.0,0.0,0.01541328,0.053824154000000006,0.0,0.787789891,0.0,0.0,0.84650715,0.117434518,0.344963896,0.0,0.0,0.068503469,0.048931049,0.0,0.1492397,0.015902591,0.0,0.0,0.058717259,0.234869036,0.012232762,0.08318278400000001,0.044037944
2009-11-19,0.8073623109999999,0.26912077,0.0,0.015168625,0.053824154000000006,0.0,0.513776016,0.0,0.0,0.841614045,0.114987965,0.349857001,0.0,0.0,0.068503469,0.048931049,0.0,0.1492397,0.015902591,0.0,0.0,0.058717259,0.40857426,0.053824154000000006,0.08318278400000001,0.051377602
2009-11-20,0.491757044,0.440379442,0.0,0.016391901,0.051377602,0.0,0.411020813,0.0,0.0,0.844060597,0.114987965,0.347410449,0.0,0.0,0.068503469,0.048931049,0.0,0.1492397,0.015902591,0.0,0.0,0.058717259,0.491757044,0.313158714,0.08318278400000001,0.058717259
2009-11-21,0.499096701,0.386555288,0.0,0.018593799,0.048931049,0.0,0.413467365,0.0,0.0,0.8391674929999999,0.114987965,0.349857001,0.0,0.0,0.068503469,0.048931049,0.0,0.1492397,0.015902591,0.0,0.0,0.058717259,0.574939827,0.342517344,0.08318278400000001,0.058717259
2009-11-22,0.489310491,0.702160555,0.0,0.019083109,0.048931049,0.0,0.420807022,0.0,0.352303554,0.834274388,0.114987965,0.344963896,0.0,0.0,0.068503469,0.048931049,0.0,0.1492397,0.015902591,0.0,0.0,0.058717259,0.459951862,0.425700127,0.08318278400000001,0.058717259
2009-11-23,0.6042984570000001,1.235508991,0.0,0.018593799,0.048931049,0.0,0.711946765,0.0,0.880758884,0.829381283,0.114987965,0.347410449,0.0,0.0,0.068503469,0.048931049,0.0,0.14679314699999998,0.015902591,0.0,0.0,0.058717259,0.479524281,1.064250319,0.08318278400000001,0.051377602
2009-11-24,0.922350276,1.230615886,0.0,0.017615178000000002,0.051377602,0.0,0.841614045,0.0,0.888098542,0.822041625,0.112541413,0.344963896,0.0,0.0,0.068503469,0.048931049,0.0,0.14679314699999998,0.015657936,0.0,0.0,0.056270706,0.555367408,1.184131389,0.08318278400000001,0.046484497
2009-11-25,0.924796829,1.230615886,0.0,0.017370522,0.051377602,0.0,0.7755571290000001,0.0,0.8734192270000001,0.819595073,0.112541413,0.344963896,0.0,0.0,0.068503469,0.048931049,0.0,0.14679314699999998,0.015902591,0.0,0.0,0.058717259,0.496650149,1.174345179,0.08318278400000001,0.046484497
2009-11-26,0.719286422,1.223276228,0.0,0.017125867,0.051377602,0.0,0.6140846670000001,0.0,0.878312332,0.819595073,0.112541413,0.349857001,0.0,0.0,0.068503469,0.048931049,0.0,0.14679314699999998,0.015902591,0.0,0.0,0.056270706,0.39878805,1.081376186,0.08318278400000001,0.046484497
2009-11-27,0.694820898,1.223276228,0.0,0.017615178000000002,0.051377602,0.0,0.6140846670000001,0.0,0.8758657790000001,0.812255416,0.112541413,0.347410449,0.0,0.0,0.068503469,0.048931049,0.0,0.1492397,0.015902591,0.0,0.0,0.056270706,0.58717259,1.152326207,0.08318278400000001,0.046484497
2009-11-28,0.692374345,0.584726037,0.0,0.018104488,0.051377602,0.0,0.584726037,0.0,0.389001841,0.812255416,0.114987965,0.347410449,0.0,0.0,0.068503469,0.048931049,0.0,0.1492397,0.015902591,0.0,0.0,0.056270706,0.58717259,0.949262353,0.08318278400000001,0.046484497
2009-11-29,0.633657086,1.167005521,0.0,0.016636557,0.051377602,0.0,0.55781396,0.0,0.868526122,0.8073623109999999,0.112541413,0.347410449,0.0,0.0,0.068503469,0.048931049,0.0,0.1492397,0.015902591,0.0,0.0,0.056270706,0.440379442,0.8734192270000001,0.08318278400000001,0.046484497
2009-11-30,0.633657086,1.223276228,0.0,0.016391901,0.051377602,0.0,0.589619142,0.0,0.951708906,0.8049157579999999,0.112541413,0.349857001,0.0,0.0,0.068503469,0.048931049,0.0,0.1492397,0.015902591,0.0,0.0,0.058717259,0.54802775,1.179238284,0.08318278400000001,0.046484497
2009-12-01,0.7143933170000001,1.223276228,0.0,0.016147246,0.051377602,0.0,0.650782953,0.0,0.944369248,0.800022653,0.124774175,0.349857001,0.0,0.0,0.068503469,0.048931049,0.0,0.1492397,0.015902591,0.0,0.0,0.058717259,0.472184624,1.017765822,0.08318278400000001,0.046484497
2009-12-02,0.709500212,1.218383123,0.0,0.015902591,0.051377602,0.0,0.621424324,0.0,0.949262353,0.797576101,0.134560385,0.344963896,0.0,0.0,0.068503469,0.048931049,0.0,0.1492397,0.015902591,0.0,0.0,0.056270706,0.477077729,1.203703808,0.08318278400000001,0.046484497
2009-12-03,0.665462268,1.213490018,0.0,0.01541328,0.053824154000000006,0.0,0.560260513,0.0,0.929689934,0.790236443,0.134560385,0.344963896,0.0,0.0,0.068503469,0.048931049,0.0,0.1492397,0.015657936,0.0,0.0,0.039144839,0.376769078,1.083822739,0.08318278400000001,0.046484497
2009-12-04,0.636103639,1.215936571,0.0,0.015657936,0.053824154000000006,0.0,0.55781396,0.0,0.93702959,0.787789891,0.134560385,0.349857001,0.0,0.0,0.068503469,0.041591392000000005,0.0,0.154132805,0.015902591,0.0,0.0,4.89e-05,0.552920855,1.0348916890000002,0.08318278400000001,0.046484497
2009-12-05,0.628763981,1.220829676,0.0,0.016147246,0.051377602,0.0,0.55781396,0.0,0.954155458,0.7828967859999999,0.134560385,0.34007079100000004,0.0,0.0,0.068503469,0.036698287,0.0,0.156579357,0.015902591,0.0,0.0,0.0,0.440379442,1.118074473,0.085629336,0.046484497
2009-12-06,0.628763981,1.223276228,0.0,0.01492397,0.053824154000000006,0.0,0.55781396,0.0,0.944369248,0.7828967859999999,0.12966728,0.337624239,0.0,0.0,0.068503469,0.034251734,0.0,0.154132805,0.01541328,0.0,0.0,0.0,0.543134645,1.091162395,0.085629336,0.053824154000000006
2009-12-07,0.7682174709999999,1.130307235,0.0,0.011743452,0.056270706,0.0,0.924796829,0.0,0.85629336,0.787789891,0.12966728,0.34007079100000004,0.0,0.0,0.068503469,0.034251734,0.0,0.154132805,0.015168625,0.0,0.0,0.0,0.689927793,0.861186465,0.085629336,0.061163811
2009-12-08,1.5437746,1.225722781,0.0,0.015168625,0.053824154000000006,0.0,1.568240125,0.0,0.951708906,0.778003681,0.12966728,0.344963896,0.0,0.0,0.068503469,0.034251734,0.0,0.154132805,0.015168625,0.0,0.0,0.0,0.910117514,0.861186465,0.085629336,0.061163811
2009-12-09,2.079569588,1.225722781,0.0,0.01957242,0.048931049,0.0,1.788429846,0.0,0.966388221,0.7706640240000001,0.12966728,0.344963896,0.0,0.0,0.068503469,0.034251734,0.0,0.154132805,0.015168625,0.0,0.0,0.0,1.817788475,1.13520034,0.08318278400000001,0.061163811
2009-12-10,1.874059182,1.223276228,0.0,0.019083109,0.048931049,0.0,1.5437746,0.0,0.946815801,0.763324366,0.12966728,0.335177687,0.0,0.0,0.068503469,0.034251734,0.0,0.154132805,0.015168625,0.0,0.0,0.0,1.803109161,1.140093445,0.08318278400000001,0.061163811
2009-12-11,1.856933314,1.220829676,0.0,0.031805182,0.046484497,0.0,1.497290104,0.0,0.956602011,0.7853433390000001,0.137006938,0.335177687,0.0,0.0,0.078289679,0.034251734,0.0,0.154132805,0.01541328,0.0,0.0,0.0,1.152326207,1.12541413,0.085629336,0.061163811
2009-12-12,1.267314173,1.220829676,0.031805182,0.053824154000000006,0.044037944,0.0,0.819595073,0.0,0.959048563,0.812255416,0.137006938,0.332731134,0.0,0.0,0.097862098,0.036698287,0.0,0.156579357,0.015902591,0.0,0.0,0.0,1.132753787,1.120521025,0.085629336,0.061163811
2009-12-13,1.169452074,1.220829676,0.022263627,0.048931049,0.044037944,0.0,1.110734815,0.0,0.956602011,0.8049157579999999,0.13945349,0.332731134,0.0,0.0,0.092968993,0.036698287,0.0,0.154132805,0.015902591,0.0,0.0,0.0,0.944369248,1.108288263,0.085629336,0.061163811
2009-12-14,1.71258672,1.225722781,0.001443466,0.044037944,0.046484497,0.0,1.350496956,0.0,0.956602011,0.773110576,0.134560385,0.337624239,0.0,0.0,0.090522441,0.036698287,0.0,0.154132805,0.01541328,0.0,0.0,0.0,1.159665865,1.149879655,0.085629336,0.053824154000000006
2009-12-15,1.235508991,1.218383123,0.0,0.034251734,0.044037944,0.0,0.990853745,0.0,0.951708906,0.758431262,0.132113833,0.335177687,0.0,0.0,0.08073623099999999,0.036698287,0.0,0.1492397,0.015168625,0.0,0.0,0.0,0.907670961,1.083822739,0.085629336,0.044037944
2009-12-16,1.13520034,1.223276228,0.0,0.031805182,0.044037944,0.0,0.971281325,0.0,0.954155458,0.763324366,0.132113833,0.335177687,0.0,0.0,0.075843126,0.036698287,0.0,0.1492397,0.015168625,0.0,0.0,0.0,0.812255416,1.093608948,0.085629336,0.044037944
2009-12-17,1.137646892,1.225722781,0.0,0.026912077000000003,0.044037944,0.0,0.968834773,0.0,0.961495116,0.7706640240000001,0.132113833,0.332731134,0.0,0.0,0.073396574,0.039144839,0.0,0.1492397,0.015168625,0.0,0.0,0.0,0.8709726740000001,1.257527963,0.085629336,0.044037944
2009-12-18,1.0960555,1.223276228,0.0,0.026912077000000003,0.044037944,0.0,0.905224409,0.0,0.951708906,0.763324366,0.132113833,0.332731134,0.0,0.0,0.070950021,0.039144839,0.0,0.1492397,0.015168625,0.0,0.0,0.0,0.963941668,1.025105479,0.085629336,0.044037944
2009-12-19,1.069143424,1.223276228,0.0,0.026912077000000003,0.044037944,0.0,0.905224409,0.0,0.946815801,0.7608778140000001,0.132113833,0.332731134,0.0,0.0,0.070950021,0.041591392000000005,0.0,0.1492397,0.015168625,0.0,0.0,0.0,0.851400255,1.149879655,0.085629336,0.044037944
2009-12-20,1.064250319,1.220829676,0.0,0.024465525,0.044037944,0.0,0.900331304,0.0,0.944369248,0.755984709,0.134560385,0.330284582,0.0,0.0,0.070950021,0.041591392000000005,0.0,0.1492397,0.015168625,0.0,0.0,0.0,0.685034688,1.091162395,0.085629336,0.044037944
2009-12-21,1.142539997,1.220829676,0.0,0.031805182,0.044037944,0.0,0.890545094,0.0,0.944369248,0.7682174709999999,0.132113833,0.337624239,0.0,0.0,0.075843126,0.041591392000000005,0.0,0.154132805,0.015168625,0.0,0.0,0.0,1.120521025,1.10584171,0.097862098,0.044037944
2009-12-22,1.108288263,1.223276228,0.004159139,0.046484497,0.044037944,0.0,0.82693473,0.0,0.949262353,0.7755571290000001,0.134560385,0.330284582,0.0,0.0,0.090522441,0.044037944,0.0,0.15902591,0.01541328,0.0,0.0,0.0,0.927243381,1.250188305,0.110094861,0.044037944
2009-12-23,0.868526122,1.220829676,0.0,0.034251734,0.046484497,0.0,0.606745009,0.0,0.939476143,0.758431262,0.124774175,0.330284582,0.0,0.0,0.08073623099999999,0.044037944,0.0,0.15902591,0.015168625,0.0,0.0,0.0,0.5357949879999999,1.091162395,0.110094861,0.044037944
2009-12-24,0.69726745,1.223276228,0.0,0.031805182,0.046484497,0.0,0.450165652,0.0,0.93702959,0.753538157,0.134560385,0.332731134,0.0,0.0,0.078289679,0.041591392000000005,0.0,0.156579357,0.015168625,0.0,0.0,0.0,0.43793289,1.149879655,0.107648308,0.044037944
2009-12-25,0.513776016,1.220829676,0.0,0.029358629,0.046484497,0.0,0.379215631,0.0,0.939476143,0.746198499,0.134560385,0.337624239,0.0,0.0,0.075843126,0.041591392000000005,0.0,0.154132805,0.015168625,0.0,0.0,0.0,0.481970834,1.157219312,0.107648308,0.044037944
2009-12-26,0.506436358,1.218383123,0.0,0.026912077000000003,0.046484497,0.0,0.403681155,0.0,0.934583038,0.7413053940000001,0.132113833,0.335177687,0.0,0.0,0.073396574,0.041591392000000005,0.0,0.154132805,0.015168625,0.0,0.0,0.0,0.425700127,1.088715843,0.105201756,0.044037944
2009-12-27,0.709500212,1.220829676,0.0,0.029358629,0.046484497,0.0,0.721732975,0.0,0.929689934,0.7388588420000001,0.132113833,0.337624239,0.0,0.0,0.073396574,0.041591392000000005,0.0,0.154132805,0.015168625,0.0,0.0,0.0,0.523562226,1.179238284,0.105201756,0.041591392000000005
2009-12-28,0.93702959,1.215936571,0.0,0.026912077000000003,0.046484497,0.0,0.831827835,0.0,0.929689934,0.733965737,0.12966728,0.335177687,0.0,0.0,0.073396574,0.039144839,0.0,0.154132805,0.01541328,0.0,0.0,0.0,0.72662608,1.0960555,0.112541413,0.044037944
2009-12-29,0.97617443,1.220829676,0.0,0.026912077000000003,0.046484497,0.0,0.831827835,0.0,0.927243381,0.729072632,0.12966728,0.337624239,0.0,0.0,0.073396574,0.039144839,0.0,0.151686252,0.01541328,0.0,0.0,0.0,0.83672094,1.191471047,0.122327623,0.046484497
2009-12-30,0.998193402,1.213490018,0.0,0.029358629,0.046484497,0.0,0.829381283,0.0,0.927243381,0.731519184,0.12966728,0.335177687,0.0,0.0,0.075843126,0.039144839,0.0,0.151686252,0.01541328,0.0,0.0,0.0,0.69726745,1.110734815,0.11988107,0.044037944
2009-12-31,0.97617443,1.213490018,0.0,0.026912077000000003,0.046484497,0.0,0.812255416,0.0,0.927243381,0.724179527,0.12966728,0.330284582,0.0,0.0,0.073396574,0.039144839,0.0,0.1492397,0.01541328,0.0,0.0,0.0,0.5357949879999999,1.100948605,0.11988107,0.044037944
2010-01-01,0.84650715,1.215936571,0.0,0.026912077000000003,0.046484497,0.0,0.665462268,0.0,0.924796829,0.719286422,0.12966728,0.332731134,0.0,0.0,0.073396574,0.039144839,0.0,0.1492397,0.01541328,0.0,0.0,0.0,0.8758657790000001,1.2452952,0.117434518,0.044037944
2010-01-02,0.812255416,1.225722781,0.0,0.026912077000000003,0.046484497,0.0,0.70705366,0.0,0.927243381,0.719286422,0.127220728,0.34007079100000004,0.0,0.0,0.073396574,0.039144839,0.0,0.1492397,0.015168625,0.0,0.0,0.0,0.565153617,1.235508991,0.117434518,0.044037944
2010-01-03,0.853846807,1.218383123,0.0,0.026912077000000003,0.046484497,0.0,0.753538157,0.0,0.8636330170000001,0.7143933170000001,0.127220728,0.337624239,0.0,0.0,0.070950021,0.039144839,0.0,0.1492397,0.015168625,0.0,0.0,0.0,0.6312105339999999,1.100948605,0.117434518,0.044037944
2010-01-04,0.961495116,1.220829676,0.0,0.024465525,0.046484497,0.0,0.83672094,0.0,0.922350276,0.70705366,0.127220728,0.330284582,0.0,0.0,0.070950021,0.039144839,0.0,0.14679314699999998,0.015168625,0.0,0.0,0.0,0.611638114,1.098502053,0.11988107,0.044037944
2010-01-05,0.990853745,1.218383123,0.0,0.024465525,0.046484497,0.0,0.7388588420000001,0.0,0.924796829,0.7046071070000001,0.127220728,0.332731134,0.0,0.0,0.070950021,0.041591392000000005,0.0,0.14679314699999998,0.015168625,0.0,0.0,0.0,0.6189777710000001,1.140093445,0.124774175,0.041591392000000005
2010-01-06,0.689927793,1.208596913,0.0,0.024465525,0.046484497,0.0,0.530901883,0.0,0.915010619,0.7046071070000001,0.127220728,0.332731134,0.0,0.0,0.070950021,0.041591392000000005,0.0,0.14679314699999998,0.015168625,0.0,0.0,0.0,0.628763981,1.149879655,0.124774175,0.041591392000000005
2010-01-07,0.6703553729999999,0.8734192270000001,0.0,0.026912077000000003,0.046484497,0.0,0.56760017,0.0,0.560260513,0.70705366,0.127220728,0.332731134,0.0,0.0,0.073396574,0.041591392000000005,0.0,0.144346595,0.015168625,0.0,0.0,0.0,0.702160555,0.883205437,0.124774175,0.044037944
2010-01-08,0.8024692059999999,0.733965737,0.0,0.031805182,0.046484497,0.0,0.601851904,0.0,0.43793289,0.709500212,0.12966728,0.344963896,0.0,0.0,0.078289679,0.046484497,0.0,0.144346595,0.01541328,0.0,0.0,0.007828968,0.582279485,0.758431262,0.124774175,0.039144839
2010-01-09,0.753538157,0.7364122890000001,0.0,0.039144839,0.046484497,0.0,0.513776016,0.0,0.4354863370000001,0.7143933170000001,0.132113833,0.335177687,0.0,0.0,0.085629336,0.046484497,0.0,0.14679314699999998,0.01541328,0.0,0.0,0.007584313,0.4305932320000001,0.753538157,0.124774175,0.036698287
2010-01-10,0.743751947,0.733965737,0.0,0.041591392000000005,0.046484497,0.0,0.5113294629999999,0.0,0.433039785,0.71683987,0.137006938,0.34007079100000004,0.0,0.0,0.088075888,0.046484497,0.0,0.14679314699999998,0.01541328,0.0,0.0,0.015168625,0.484417386,0.606745009,0.124774175,0.034251734
2010-01-11,0.729072632,0.733965737,0.0,0.044037944,0.046484497,0.0,0.452612204,0.0,0.433039785,0.711946765,0.134560385,0.342517344,0.0,0.0,0.088075888,0.046484497,0.0,0.14679314699999998,0.01541328,0.0,0.0,0.01492397,0.636103639,0.724179527,0.124774175,0.034251734
2010-01-12,0.599405352,0.733965737,0.0,0.044037944,0.046484497,0.0,0.366982869,0.0,0.43793289,0.71683987,0.137006938,0.342517344,0.0,0.0,0.090522441,0.046484497,0.0,0.1492397,0.01541328,0.0,0.0,0.011743452,0.660569163,0.626317429,0.124774175,0.034251734
2010-01-13,1.007979612,0.7364122890000001,0.046484497,0.048931049,0.046484497,0.0,0.491757044,0.0,0.43793289,0.773110576,0.141900042,0.347410449,0.0,0.0,0.092968993,0.048931049,0.0,0.154132805,0.015657936,0.0,0.0,0.024465525,0.403681155,0.6801415829999999,0.124774175,0.034251734
2010-01-14,0.824488178,0.733965737,0.024220869,0.048931049,0.046484497,0.0,0.499096701,0.0,0.445272547,0.733965737,0.134560385,0.342517344,0.0,0.0,0.092968993,0.046484497,0.0,0.14679314699999998,0.01541328,0.0,0.0,0.013211383,0.543134645,0.719286422,0.124774175,0.034251734
2010-01-15,0.7143933170000001,0.733965737,0.010030865,0.046484497,0.044037944,0.0,0.4305932320000001,0.0,0.4477191,0.719286422,0.134560385,0.335177687,0.0,0.0,0.092968993,0.046484497,0.0,0.14679314699999998,0.01541328,0.0,0.0,0.0073396569999999986,0.42814668,0.72662608,0.124774175,0.034251734
2010-01-16,0.650782953,0.733965737,0.004403794,0.046484497,0.044037944,0.0,0.423253575,0.0,0.440379442,0.70705366,0.134560385,0.335177687,0.0,0.0,0.090522441,0.046484497,0.0,0.144346595,0.015657936,0.0,0.0,0.004159139,0.396341498,0.685034688,0.124774175,0.036698287
2010-01-17,0.5455811979999999,0.733965737,0.0,0.046484497,0.044037944,0.0,0.234869036,0.0,0.4477191,0.7046071070000001,0.132113833,0.335177687,0.0,0.0,0.090522441,0.046484497,0.0,0.141900042,0.01541328,0.0,0.0,0.002691208,0.6458898479999999,0.765770919,0.124774175,0.036698287
2010-01-18,0.552920855,0.733965737,0.031805182,0.048931049,0.044037944,0.0,0.234869036,0.0,0.442825995,0.733965737,0.12966728,0.335177687,0.0,0.0,0.092968993,0.046484497,0.0,0.14679314699999998,0.015657936,0.0,0.0,0.002324225,0.7926829959999999,0.494203596,0.124774175,0.036698287
2010-01-19,0.829381283,0.733965737,0.024465525,0.048931049,0.044037944,0.0,0.733965737,0.0,0.43793289,0.729072632,0.132113833,0.337624239,0.0,0.0,0.092968993,0.046484497,0.0,0.14679314699999998,0.015902591,0.0,0.0,0.002128501,0.787789891,0.489310491,0.124774175,0.053824154000000006
2010-01-20,1.108288263,0.724179527,0.012722073,0.048931049,0.044037944,0.0,0.667908821,0.0,0.4305932320000001,0.72662608,0.12966728,0.344963896,0.0,0.0,0.092968993,0.046484497,0.0,0.141900042,0.015902591,0.0,0.0,0.0017125870000000002,0.457505309,0.780450234,0.124774175,0.063610364
2010-01-21,0.824488178,0.733965737,0.006850347,0.046484497,0.044037944,0.0,0.459951862,0.0,0.445272547,0.7143933170000001,0.12966728,0.342517344,0.0,0.0,0.092968993,0.046484497,0.0,0.141900042,0.015902591,0.0,0.0,0.001321138,0.699714003,0.623870876,0.124774175,0.063610364
2010-01-22,0.623870876,0.5186691210000001,0.002935863,0.046484497,0.044037944,0.0,0.325391477,0.0,0.320498372,0.711946765,0.134560385,0.337624239,0.0,0.0,0.092968993,0.046484497,0.0,0.141900042,0.015902591,0.0,0.0,0.000954155,0.56760017,0.68748124,0.022508283,0.063610364
2010-01-23,0.574939827,0.210403511,0.002104035,0.046484497,0.046484497,0.0,0.342517344,0.0,0.0,0.699714003,0.132113833,0.342517344,0.0,0.0,0.092968993,0.046484497,0.0,0.13945349,0.026912077000000003,0.0,0.0,0.0,0.305819057,0.210403511,0.0,0.066056916
2010-01-24,0.54802775,0.733965737,0.0,0.046484497,0.044037944,0.0,0.337624239,0.0,0.413467365,0.689927793,0.12966728,0.349857001,0.0,0.0,0.092968993,0.044037944,0.0,0.122327623,0.061163811,0.0,0.0,0.0,0.528455331,0.562707065,0.0,0.066056916
2010-01-25,0.594512247,0.729072632,0.000538242,0.046484497,0.044037944,0.0,0.425700127,0.0,0.442825995,0.69726745,0.132113833,0.342517344,0.0,0.0,0.092968993,0.044037944,0.0,0.11988107,0.073396574,0.0,0.0,0.0,0.450165652,0.508882911,0.0,0.061163811
2010-01-26,0.844060597,0.729072632,0.013945349,0.048931049,0.044037944,0.0,0.562707065,0.0,0.442825995,0.70705366,0.12966728,0.337624239,0.0,0.0,0.092968993,0.044037944,0.0,0.122327623,0.08318278400000001,0.0,0.0,0.0,0.479524281,0.623870876,0.0,0.061163811
2010-01-27,0.819595073,0.7364122890000001,0.011009486,0.048931049,0.044037944,0.0,0.494203596,0.0,0.4477191,0.702160555,0.12966728,0.332731134,0.0,0.0,0.092968993,0.044037944,0.0,0.11988107,0.08318278400000001,0.0,0.0,0.0,0.415913918,0.636103639,0.0,0.061163811
2010-01-28,0.7608778140000001,0.731519184,0.005871726,0.046484497,0.044037944,0.0,0.364536316,0.0,0.4354863370000001,0.694820898,0.124774175,0.335177687,0.0,0.0,0.092968993,0.044037944,0.0,0.11988107,0.08318278400000001,0.0,0.0,0.0,0.389001841,0.565153617,0.0,0.061163811
2010-01-29,0.503989806,0.7388588420000001,0.003425173,0.046484497,0.044037944,0.0,0.222636274,0.0,0.442825995,0.689927793,0.124774175,0.342517344,0.0,0.0,0.092968993,0.044037944,0.0,0.122327623,0.066056916,0.0,0.0,0.0,0.310712162,0.643443296,0.063610364,0.061163811
2010-01-30,0.450165652,0.733965737,0.0,0.048931049,0.044037944,0.0,0.137006938,0.0,0.4354863370000001,0.692374345,0.127220728,0.332731134,0.0,0.0,0.092968993,0.044037944,0.0,0.12966728,0.053824154000000006,0.0,0.0,0.0,0.266674218,0.592065694,0.114987965,0.061163811
2010-01-31,0.342517344,0.733965737,0.0,0.046484497,0.044037944,0.0,0.124774175,0.0,0.4354863370000001,0.682588135,0.124774175,0.332731134,0.0,0.0,0.092968993,0.044037944,0.0,0.134560385,0.051377602,0.0,0.0,0.0,0.220189721,0.675248478,0.117434518,0.058717259
2010-02-01,0.342517344,0.733965737,0.0,0.046484497,0.044037944,0.0,0.364536316,0.0,0.4305932320000001,0.67769503,0.124774175,0.34007079100000004,0.0,0.0,0.090522441,0.044037944,0.0,0.137006938,0.048931049,0.0,0.0,0.0,0.26912077,0.787789891,0.11988107,0.058717259
2010-02-02,0.763324366,0.7364122890000001,0.0,0.044037944,0.044037944,0.0,0.349857001,0.0,0.423253575,0.672801926,0.127220728,0.349857001,0.0,0.0,0.090522441,0.044037944,0.0,0.137006938,0.048931049,0.0,0.0,0.0,0.70705366,0.655676058,0.11988107,0.058717259
2010-02-03,0.389001841,0.731519184,0.0,0.044037944,0.044037944,0.0,0.122327623,0.0,0.425700127,0.672801926,0.124774175,0.347410449,0.0,0.0,0.088075888,0.044037944,0.0,0.137006938,0.048931049,0.0,0.0,0.0,0.318051819,0.685034688,0.11988107,0.058717259
2010-02-04,0.327838029,0.731519184,0.0,0.044037944,0.044037944,0.0,0.122327623,0.0,0.425700127,0.672801926,0.124774175,0.344963896,0.0,0.0,0.088075888,0.044037944,0.0,0.134560385,0.051377602,0.0,0.0,0.0,0.379215631,0.753538157,0.117434518,0.058717259
2010-02-05,0.413467365,0.731519184,0.005871726,0.046484497,0.044037944,0.0,0.173705224,0.0,0.423253575,0.682588135,0.124774175,0.344963896,0.0,0.0,0.090522441,0.044037944,0.0,0.134560385,0.105201756,0.0,0.0,0.0,0.445272547,0.6801415829999999,0.11988107,0.058717259
2010-02-06,0.589619142,0.733965737,0.024465525,0.048931049,0.044037944,0.0,0.271567323,0.0,0.42814668,0.702160555,0.127220728,0.347410449,0.0,0.0,0.092968993,0.044037944,0.0,0.137006938,0.183491434,0.0,0.0,0.0,0.386555288,0.685034688,0.122327623,0.061163811
2010-02-07,0.589619142,0.731519184,0.015657936,0.048931049,0.044037944,0.0,0.247101798,0.0,0.425700127,0.689927793,0.127220728,0.34007079100000004,0.0,0.0,0.092968993,0.044037944,0.0,0.134560385,0.14679314699999998,0.0,0.0,0.0,0.393894946,0.702160555,0.117434518,0.061163811
2010-02-08,0.506436358,0.731519184,0.013945349,0.048931049,0.044037944,0.0,0.137006938,0.0,0.425700127,0.6801415829999999,0.122327623,0.342517344,0.0,0.0,0.092968993,0.044037944,0.0,0.132113833,0.102755203,0.0,0.0,0.0,0.222636274,0.7413053940000001,0.117434518,0.061163811
2010-02-09,0.457505309,0.733965737,0.012232762,0.048931049,0.044037944,0.0,0.188384539,0.0,0.43793289,0.675248478,0.124774175,0.342517344,0.0,0.0,0.092968993,0.044037944,0.0,0.137006938,0.08073623099999999,0.0,0.0,0.0,0.210403511,0.724179527,0.11988107,0.061163811
2010-02-10,0.450165652,0.474631177,0.011254141,0.046484497,0.044037944,0.0,0.11988107,0.0,0.144346595,0.616531219,0.122327623,0.344963896,0.0,0.0,0.092968993,0.044037944,0.0,0.134560385,0.066056916,0.0,0.0,0.0,0.271567323,0.543134645,0.117434518,0.061163811
2010-02-11,0.337624239,0.342517344,0.004403794,0.048931049,0.044037944,0.0,0.122327623,0.0,0.0,0.39878805,0.124774175,0.347410449,0.0,0.0,0.092968993,0.044037944,0.0,0.134560385,0.056270706,0.0,0.0,0.0,0.27890698,0.227529378,0.117434518,0.061163811
2010-02-12,0.386555288,0.34007079100000004,0.003180518,0.046484497,0.044037944,0.0,0.122327623,0.0,0.0,0.381662183,0.124774175,0.347410449,0.0,0.0,0.090522441,0.044037944,0.0,0.134560385,0.053824154000000006,0.0,0.0,0.0,0.205510406,0.27890698,0.117434518,0.058717259
2010-02-13,0.420807022,0.330284582,0.009052244,0.046484497,0.044037944,0.0,0.122327623,0.0,0.0,0.386555288,0.122327623,0.347410449,0.0,0.0,0.092968993,0.046484497,0.0,0.134560385,0.053824154000000006,0.0,0.0,0.003180518,0.2984794,0.369429421,0.117434518,0.058717259
2010-02-14,0.420807022,0.330284582,0.006116381,0.046484497,0.044037944,0.0,0.124774175,0.0,0.0,0.386555288,0.124774175,0.347410449,0.0,0.0,0.090522441,0.046484497,0.0,0.134560385,0.051377602,0.0,0.0,0.005627071,0.425700127,0.274013875,0.117434518,0.058717259
2010-02-15,0.467291519,0.337624239,0.012477418,0.046484497,0.044037944,0.0,0.198170749,0.0,0.0,0.393894946,0.127220728,0.347410449,0.0,0.0,0.092968993,0.046484497,0.0,0.134560385,0.051377602,0.0,0.0,0.006605692,0.5113294629999999,0.303372505,0.117434518,0.058717259
2010-02-16,0.58717259,0.327838029,0.014679315,0.048931049,0.044037944,0.0,0.154132805,0.0,0.0,0.406127708,0.12966728,0.344963896,0.0,0.0,0.092968993,0.046484497,0.0,0.132113833,0.051377602,0.0,0.0,0.016881212,0.528455331,0.244655246,0.105201756,0.058717259
2010-02-17,0.521115673,0.320498372,0.024465525,0.048931049,0.044037944,0.0,0.078289679,0.0,0.0,0.420807022,0.132113833,0.337624239,0.0,0.0,0.092968993,0.048931049,0.0,0.117434518,0.061163811,0.0,0.0,0.026912077000000003,0.472184624,0.17859832899999994,0.097862098,0.058717259
2010-02-18,0.552920855,0.320498372,0.031805182,0.048931049,0.046484497,0.0,0.151686252,0.0,0.0,0.433039785,0.137006938,0.337624239,0.0,0.0,0.092968993,0.048931049,0.0,0.117434518,0.063610364,0.0,0.0,0.031805182,0.318051819,0.25933456,0.102755203,0.058717259
2010-02-19,0.6140846670000001,0.320498372,0.036698287,0.048931049,0.046484497,0.0,0.190831092,0.0,0.0,0.43793289,0.137006938,0.342517344,0.0,0.0,0.092968993,0.048931049,0.0,0.11988107,0.061163811,0.0,0.0,0.026912077000000003,0.366982869,0.276460428,0.105201756,0.058717259
2010-02-20,0.675248478,0.335177687,0.041591392000000005,0.048931049,0.046484497,0.0,0.195724197,0.0,0.0,0.440379442,0.134560385,0.337624239,0.0,0.0,0.092968993,0.046484497,0.0,0.11988107,0.066056916,0.0,0.0,0.01541328,0.403681155,0.335177687,0.107648308,0.058717259
2010-02-21,0.633657086,0.327838029,0.039144839,0.048931049,0.046484497,0.0,0.166365567,0.0,0.0,0.4477191,0.134560385,0.344963896,0.0,0.0,0.092968993,0.046484497,0.0,0.11988107,0.073396574,0.0,0.0,0.009541555,0.486863939,0.283800085,0.107648308,0.061163811
2010-02-22,0.489310491,0.320498372,0.029358629,0.048931049,0.046484497,0.0,0.073396574,0.0,0.0,0.442825995,0.132113833,0.337624239,0.0,0.0,0.092968993,0.046484497,0.0,0.117434518,0.073396574,0.0,0.0,0.004893105,0.271567323,0.256888008,0.102755203,0.061163811
2010-02-23,0.384108736,0.332731134,0.026912077000000003,0.048931049,0.046484497,0.0,0.061163811,0.0,0.0,0.4305932320000001,0.12966728,0.34007079100000004,0.0,0.0,0.092968993,0.046484497,0.0,0.117434518,0.061163811,0.0,0.0,0.003669829,0.526008778,0.320498372,0.102755203,0.061163811
2010-02-24,0.55781396,0.320498372,0.075843126,0.048931049,0.046484497,0.0,0.061163811,0.0,0.0,0.53824154,0.132113833,0.349857001,0.0,0.0,0.092968993,0.046484497,0.0,0.122327623,0.163919015,0.0,0.0,0.004159139,0.406127708,0.332731134,0.112541413,0.061163811
2010-02-25,0.565153617,0.313158714,0.068503469,0.048931049,0.046484497,0.0,0.061163811,0.0,0.0,0.543134645,0.134560385,0.337624239,0.0,0.0,0.092968993,0.046484497,0.0,0.11988107,0.15902591,0.0,0.0,0.004403794,0.42814668,0.335177687,0.107648308,0.063610364
2010-02-26,0.5798329320000001,0.322944924,0.078289679,0.048931049,0.046484497,0.0,0.056270706,0.0,0.0,0.5186691210000001,0.12966728,0.344963896,0.0,0.0,0.092968993,0.046484497,0.0,0.11988107,0.127220728,0.0,0.0,0.00513776,0.7755571290000001,0.286246637,0.110094861,0.063610364
2010-02-27,0.932136486,0.303372505,0.181044882,0.046484497,0.046484497,0.0,0.056270706,0.0,0.0,0.621424324,0.12966728,0.364536316,0.0,0.0,0.092968993,0.046484497,0.0,0.122327623,0.20061730100000005,0.0,0.0,0.005627071,0.809808863,0.384108736,0.11988107,0.066056916
2010-02-28,0.655676058,0.305819057,0.114987965,0.046484497,0.046484497,0.0,0.20061730100000005,0.0,0.0,0.572493275,0.134560385,0.347410449,0.0,0.0,0.092968993,0.046484497,0.0,0.11988107,0.092968993,0.0,0.0,0.003425173,0.606745009,0.433039785,0.114987965,0.061163811
2010-03-01,0.851400255,0.30826561,0.090522441,0.046484497,0.046484497,0.0,0.220189721,0.0,0.0,0.54802775,0.12966728,0.344963896,0.0,0.0,0.092968993,0.046484497,0.0,0.11988107,0.063610364,0.0,0.0,0.003669829,0.5455811979999999,0.318051819,0.112541413,0.061163811
2010-03-02,0.692374345,0.318051819,0.100308651,0.046484497,0.046484497,0.0,0.100308651,0.0,0.0,0.5455811979999999,0.12966728,0.344963896,0.0,0.0,0.092968993,0.046484497,0.0,0.117434518,0.063610364,0.0,0.0,0.005627071,0.685034688,0.362089764,0.112541413,0.061163811
2010-03-03,0.69726745,0.322944924,0.102755203,0.046484497,0.044037944,0.0,0.100308651,0.0,0.0,0.572493275,0.12966728,0.352303554,0.0,0.0,0.092968993,0.046484497,0.0,0.117434518,0.078289679,0.0,0.0,0.004893105,0.486863939,0.352303554,0.112541413,0.061163811
2010-03-04,0.606745009,0.310712162,0.08073623099999999,0.046484497,0.044037944,0.0,0.095415546,0.0,0.0,0.56760017,0.12966728,0.347410449,0.0,0.0,0.090522441,0.046484497,0.0,0.114987965,0.066056916,0.0,0.0,0.003425173,0.7926829959999999,0.396341498,0.107648308,0.061163811
2010-03-05,0.550474303,0.313158714,0.066056916,0.046484497,0.044037944,0.0,0.090522441,0.0,0.0,0.543134645,0.127220728,0.337624239,0.0,0.0,0.092968993,0.046484497,0.0,0.112541413,0.058717259,0.0,0.0,0.003180518,0.626317429,0.374322526,0.105201756,0.061163811
2010-03-06,0.540688093,0.313158714,0.063610364,0.046484497,0.044037944,0.0,0.092968993,0.0,0.0,0.528455331,0.127220728,0.337624239,0.0,0.0,0.090522441,0.046484497,0.0,0.112541413,0.056270706,0.0,0.0,0.003425173,0.501543254,0.376769078,0.105201756,0.061163811
2010-03-07,0.516222568,0.313158714,0.058717259,0.046484497,0.044037944,0.0,0.090522441,0.0,0.0,0.516222568,0.124774175,0.34007079100000004,0.0,0.0,0.092968993,0.046484497,0.0,0.112541413,0.056270706,0.0,0.0,0.003425173,0.357196659,0.28869319,0.102755203,0.061163811
2010-03-08,0.543134645,0.315605267,0.056270706,0.046484497,0.044037944,0.0,0.092968993,0.0,0.0,0.513776016,0.124774175,0.337624239,0.0,0.0,0.092968993,0.046484497,0.0,0.112541413,0.053824154000000006,0.0,0.0,0.008807589000000001,0.499096701,0.34007079100000004,0.102755203,0.061163811
2010-03-09,0.503989806,0.5357949879999999,0.051377602,0.046484497,0.044037944,0.0,0.092968993,0.0,0.212850064,0.506436358,0.124774175,0.34007079100000004,0.0,0.0,0.090522441,0.046484497,0.0,0.112541413,0.053824154000000006,0.0,0.0,0.006605692,0.455058757,0.4354863370000001,0.102755203,0.061163811
2010-03-10,0.489310491,0.731519184,0.048931049,0.046484497,0.044037944,0.0,0.090522441,0.0,0.420807022,0.499096701,0.124774175,0.34007079100000004,0.0,0.0,0.090522441,0.046484497,0.0,0.110094861,0.053824154000000006,0.0,0.0,0.004893105,0.359643211,0.643443296,0.100308651,0.061163811
2010-03-11,0.455058757,0.733965737,0.041591392000000005,0.048931049,0.044037944,0.0,0.090522441,0.0,0.420807022,0.489310491,0.122327623,0.337624239,0.0,0.0,0.092968993,0.046484497,0.0,0.110094861,0.051377602,0.0,0.0,0.004159139,0.349857001,0.6458898479999999,0.100308651,0.061163811
2010-03-12,0.533348436,0.733965737,0.058717259,0.048931049,0.044037944,0.0,0.090522441,0.0,0.423253575,0.513776016,0.124774175,0.34007079100000004,0.0,0.0,0.092968993,0.046484497,0.0,0.110094861,0.058717259,0.0,0.0,0.011254141,0.528455331,0.69726745,0.102755203,0.061163811
2010-03-13,0.601851904,0.7364122890000001,0.063610364,0.048931049,0.044037944,0.0,0.090522441,0.0,0.425700127,0.574939827,0.127220728,0.342517344,0.0,0.0,0.092968993,0.046484497,0.0,0.112541413,0.088075888,0.0,0.0,0.009052244,0.425700127,0.660569163,0.102755203,0.061163811
2010-03-14,0.528455331,0.733965737,0.051377602,0.048931049,0.044037944,0.0,0.090522441,0.0,0.415913918,0.530901883,0.124774175,0.337624239,0.0,0.0,0.092968993,0.046484497,0.0,0.112541413,0.066056916,0.0,0.0,0.006361036,0.42814668,0.733965737,0.102755203,0.061163811
2010-03-15,0.552920855,0.733965737,0.051377602,0.048931049,0.044037944,0.0,0.090522441,0.0,0.41836047,0.528455331,0.12966728,0.337624239,0.0,0.0,0.092968993,0.046484497,0.0,0.112541413,0.061163811,0.0,0.0,0.012966728,0.4305932320000001,0.731519184,0.102755203,0.061163811
2010-03-16,0.611638114,0.733965737,0.063610364,0.048931049,0.044037944,0.0,0.090522441,0.0,0.420807022,0.543134645,0.134560385,0.342517344,0.0,0.0,0.092968993,0.048931049,0.0,0.114987965,0.056270706,0.0,0.0,0.034251734,0.501543254,0.665462268,0.107648308,0.061163811
2010-03-17,0.682588135,0.733965737,0.075843126,0.048931049,0.044037944,0.0,0.092968993,0.0,0.420807022,0.565153617,0.141900042,0.337624239,0.0,0.0,0.092968993,0.051377602,0.0,0.11988107,0.048931049,0.0,0.0,0.048931049,0.633657086,0.67769503,0.114987965,0.075843126
2010-03-18,0.8147019679999999,0.733965737,0.107648308,0.048931049,0.044037944,0.0,0.092968993,0.0,0.41836047,0.6042984570000001,0.154132805,0.337624239,0.0,0.0,0.092968993,0.051377602,0.0,0.124774175,0.046484497,0.0,0.0,0.070950021,0.834274388,0.719286422,0.11988107,0.085629336
2010-03-19,0.8709726740000001,0.733965737,0.127220728,0.048931049,0.044037944,0.0,0.092968993,0.0,0.415913918,0.636103639,0.166365567,0.337624239,0.0,0.0,0.092968993,0.051377602,0.0,0.132113833,0.048931049,0.0,0.0,0.08073623099999999,0.949262353,0.763324366,0.11988107,0.085629336
2010-03-20,0.912564066,0.733965737,0.141900042,0.048931049,0.044037944,0.0,0.092968993,0.0,0.425700127,0.660569163,0.173705224,0.337624239,0.0,0.0,0.092968993,0.051377602,0.0,0.13945349,0.046484497,0.0,0.0,0.08318278400000001,1.027552032,0.6703553729999999,0.122327623,0.085629336
2010-03-21,0.866079569,0.733965737,0.13945349,0.048931049,0.044037944,0.0,0.092968993,0.0,0.420807022,0.667908821,0.171258672,0.337624239,0.0,0.0,0.092968993,0.051377602,0.0,0.14679314699999998,0.048931049,0.0,0.0,0.070950021,0.902777856,0.7706640240000001,0.122327623,0.085629336
2010-03-22,0.834274388,0.733965737,0.137006938,0.048931049,0.044037944,0.0,0.092968993,0.0,0.41836047,0.663015716,0.171258672,0.337624239,0.0,0.0,0.092968993,0.051377602,0.0,0.151686252,0.048931049,0.0,0.0,0.070950021,0.822041625,0.763324366,0.122327623,0.085629336
2010-03-23,0.939476143,0.733965737,0.151686252,0.048931049,0.046484497,0.0,0.092968993,0.0,0.423253575,0.689927793,0.17615177699999998,0.337624239,0.0,0.0,0.092968993,0.051377602,0.0,0.156579357,0.048931049,0.0,0.0,0.092968993,0.543134645,0.663015716,0.122327623,0.085629336
2010-03-24,0.993300297,0.733965737,0.163919015,0.048931049,0.046484497,0.0,0.08318278400000001,0.0,0.423253575,0.7143933170000001,0.181044882,0.337624239,0.0,0.0,0.092968993,0.053824154000000006,0.0,0.16881212,0.048931049,0.0,0.0,0.095415546,0.72662608,0.682588135,0.122327623,0.085629336
2010-03-25,0.988407192,0.733965737,0.171258672,0.048931049,0.046484497,0.0,0.075843126,0.0,0.420807022,0.733965737,0.17859832899999994,0.337624239,0.0,0.0,0.092968993,0.051377602,0.0,0.166365567,0.053824154000000006,0.0,0.0,0.085629336,0.934583038,0.685034688,0.122327623,0.088075888
2010-03-26,0.800022653,0.733965737,0.141900042,0.048931049,0.044037944,0.0,0.073396574,0.0,0.420807022,0.702160555,0.171258672,0.335177687,0.0,0.0,0.092968993,0.048931049,0.0,0.154132805,0.051377602,0.0,0.0,0.051377602,1.262421068,0.711946765,0.122327623,0.088075888
2010-03-27,0.731519184,0.733965737,0.13945349,0.048931049,0.046484497,0.0,0.051377602,0.0,0.411020813,0.685034688,0.173705224,0.335177687,0.0,0.0,0.092968993,0.051377602,0.0,0.151686252,0.048931049,0.0,0.0,0.066056916,0.834274388,0.660569163,0.122327623,0.085629336
2010-03-28,0.883205437,0.733965737,0.16147246199999998,0.048931049,0.046484497,0.0,0.051377602,0.0,0.415913918,0.719286422,0.185937987,0.337624239,0.0,0.0,0.092968993,0.053824154000000006,0.0,0.16147246199999998,0.041591392000000005,0.0,0.0,0.11988107,0.479524281,0.689927793,0.122327623,0.08318278400000001
2010-03-29,1.007979612,0.733965737,0.17859832899999994,0.048931049,0.046484497,0.0,0.053824154000000006,0.0,0.41836047,0.765770919,0.203063854,0.337624239,0.0,0.0,0.092968993,0.053824154000000006,0.0,0.17615177699999998,0.034251734,0.0,0.0,0.137006938,0.932136486,0.650782953,0.122327623,0.085629336
2010-03-30,1.519309075,0.733965737,0.256888008,0.048931049,0.046484497,0.0,0.051377602,0.0,0.41836047,0.8709726740000001,0.212850064,0.342517344,0.0,0.0,0.092968993,0.056270706,0.0,0.188384539,0.044037944,0.0,0.0,0.171258672,1.308905565,0.67769503,0.122327623,0.088075888
2010-03-31,1.091162395,0.733965737,0.203063854,0.046484497,0.046484497,0.0,0.051377602,0.0,0.42814668,0.8636330170000001,0.195724197,0.344963896,0.0,0.0,0.092968993,0.051377602,0.0,0.16881212,0.044037944,0.0,0.0,0.073396574,1.108288263,0.7388588420000001,0.11988107,0.090522441
2010-04-01,0.797576101,0.7364122890000001,0.156579357,0.046484497,0.046484497,0.0,0.051377602,0.0,0.423253575,0.763324366,0.183491434,0.337624239,0.0,0.0,0.092968993,0.051377602,0.0,0.154132805,0.044037944,0.0,0.0,0.056270706,1.076483081,0.665462268,0.11988107,0.088075888
2010-04-02,0.7046071070000001,0.7364122890000001,0.13945349,0.046484497,0.044037944,0.0,0.051377602,0.0,0.415913918,0.71683987,0.17615177699999998,0.337624239,0.0,0.0,0.092968993,0.051377602,0.0,0.14679314699999998,0.046484497,0.0,0.0,0.070950021,0.7388588420000001,0.636103639,0.11988107,0.088075888
2010-04-03,0.689927793,0.7364122890000001,0.132113833,0.048931049,0.044037944,0.0,0.051377602,0.0,0.425700127,0.724179527,0.16881212,0.342517344,0.0,0.0,0.092968993,0.051377602,0.0,0.141900042,0.048931049,0.0,0.0,0.088075888,0.609191562,0.69726745,0.122327623,0.088075888
2010-04-04,0.636103639,0.733965737,0.11988107,0.048931049,0.044037944,0.0,0.078289679,0.0,0.411020813,0.694820898,0.16147246199999998,0.342517344,0.0,0.0,0.092968993,0.051377602,0.0,0.137006938,0.046484497,0.0,0.0,0.078289679,0.841614045,0.773110576,0.122327623,0.088075888
2010-04-05,0.8073623109999999,0.731519184,0.117434518,0.048931049,0.044037944,0.0,0.332731134,0.0,0.425700127,0.721732975,0.15902591,0.347410449,0.0,0.0,0.092968993,0.053824154000000006,0.0,0.134560385,0.048931049,0.0,0.0,0.097862098,0.939476143,0.7388588420000001,0.122327623,0.088075888
2010-04-06,0.890545094,0.7364122890000001,0.100308651,0.048931049,0.044037944,0.0,0.344963896,0.0,0.423253575,0.672801926,0.154132805,0.342517344,0.0,0.0,0.092968993,0.051377602,0.0,0.132113833,0.048931049,0.0,0.0,0.08318278400000001,0.636103639,0.636103639,0.11988107,0.088075888
2010-04-07,1.054464108,0.733965737,0.114987965,0.048931049,0.044037944,0.0,0.344963896,0.0,0.41836047,0.685034688,0.16147246199999998,0.344963896,0.0,0.0,0.092968993,0.053824154000000006,0.0,0.13945349,0.056270706,0.0,0.0,0.097862098,0.861186465,0.729072632,0.122327623,0.088075888
2010-04-08,1.318691774,0.719286422,0.137006938,0.048931049,0.044037944,0.0,0.347410449,0.0,0.406127708,0.743751947,0.17859832899999994,0.344963896,0.0,0.0,0.092968993,0.056270706,0.0,0.16147246199999998,0.075843126,0.0,0.0,0.188384539,0.731519184,0.709500212,0.122327623,0.088075888
2010-04-09,1.333371089,0.733965737,0.166365567,0.048931049,0.044037944,0.0,0.11988107,0.0,0.423253575,0.81714852,0.188384539,0.344963896,0.0,0.0,0.092968993,0.058717259,0.0,0.183491434,0.090522441,0.0,0.0,0.293586295,1.215936571,0.790236443,0.122327623,0.085629336
2010-04-10,1.277100382,0.733965737,0.195724197,0.048931049,0.044037944,0.0,0.092968993,0.0,0.423253575,0.880758884,0.193277644,0.342517344,0.0,0.0,0.092968993,0.058717259,0.0,0.193277644,0.105201756,0.0,0.0,0.313158714,1.010426164,0.689927793,0.122327623,0.088075888
2010-04-11,1.186577942,0.733965737,0.203063854,0.048931049,0.044037944,0.0,0.092968993,0.0,0.4354863370000001,0.888098542,0.188384539,0.34007079100000004,0.0,0.0,0.092968993,0.056270706,0.0,0.181044882,0.112541413,0.0,0.0,0.247101798,1.250188305,0.753538157,0.11988107,0.088075888
2010-04-12,1.049571003,0.729072632,0.185937987,0.048931049,0.046484497,0.0,0.092968993,0.0,0.433039785,0.8709726740000001,0.183491434,0.342517344,0.0,0.0,0.092968993,0.056270706,0.0,0.171258672,0.11988107,0.0,0.0,0.210403511,1.3920883469999998,0.711946765,0.11988107,0.088075888
2010-04-13,0.922350276,0.7364122890000001,0.166365567,0.048931049,0.044037944,0.0,0.092968993,0.0,0.4354863370000001,0.829381283,0.17615177699999998,0.347410449,0.0,0.0,0.092968993,0.053824154000000006,0.0,0.15902591,0.112541413,0.0,0.0,0.14679314699999998,1.242848648,0.753538157,0.11988107,0.088075888
2010-04-14,0.990853745,0.733965737,0.171258672,0.048931049,0.044037944,0.0,0.092968993,0.0,0.43793289,0.844060597,0.173705224,0.34007079100000004,0.0,0.0,0.092968993,0.053824154000000006,0.0,0.144346595,0.112541413,0.0,0.0,0.1492397,0.694820898,0.7143933170000001,0.122327623,0.088075888
2010-04-15,1.027552032,0.900331304,0.173705224,0.048931049,0.044037944,0.0,0.092968993,0.0,0.589619142,0.861186465,0.17859832899999994,0.337624239,0.0,0.0,0.092968993,0.053824154000000006,0.0,0.141900042,0.097862098,0.0,0.0,0.163919015,1.047124451,0.8758657790000001,0.122327623,0.088075888
2010-04-16,1.167005521,0.981067535,0.198170749,0.048931049,0.044037944,0.0,0.092968993,0.0,0.667908821,0.900331304,0.193277644,0.337624239,0.0,0.0,0.092968993,0.058717259,0.0,0.156579357,0.092968993,0.0,0.0,0.251994903,1.578026335,1.000639955,0.124774175,0.088075888
2010-04-17,1.3627297180000002,0.983514087,0.227529378,0.048931049,0.044037944,0.0,0.092968993,0.0,0.665462268,0.954155458,0.217743169,0.337624239,0.0,0.0,0.092968993,0.061163811,0.0,0.171258672,0.097862098,0.0,0.0,0.393894946,0.778003681,0.946815801,0.124774175,0.088075888
2010-04-18,1.590259097,0.978620982,0.271567323,0.053824154000000006,0.044037944,0.0,0.092968993,0.0,0.660569163,1.0348916890000002,0.247101798,0.337624239,0.0,0.0,0.097862098,0.063610364,0.0,0.195724197,0.107648308,0.0,0.0,0.516222568,1.5070763130000002,0.961495116,0.124774175,0.088075888
2010-04-19,1.881398839,0.988407192,0.318051819,0.056270706,0.044037944,0.0,0.092968993,0.0,0.660569163,1.15477276,0.281353532,0.335177687,0.0,0.0,0.102755203,0.063610364,0.0,0.217743169,0.124774175,0.0,0.0,0.638550191,1.808002265,0.983514087,0.124774175,0.088075888
2010-04-20,2.593345604,1.149879655,0.300925952,0.17615177699999998,0.044037944,0.0,0.068503469,0.0,0.660569163,1.348050404,0.325391477,0.342517344,0.0,0.0,0.220189721,0.066056916,0.0,0.254441455,0.141900042,0.0,0.0,0.822041625,2.378048988,1.00553306,0.122327623,0.088075888
2010-04-21,1.834914343,1.225722781,0.354750106,0.056270706,0.044037944,0.0,0.28869319,0.0,0.0,1.279546934,0.28869319,0.790236443,0.0,0.0,0.100308651,0.061163811,0.0,0.207956959,0.124774175,0.0,0.0,0.40857426,2.642276653,1.12541413,0.122327623,0.088075888
2010-04-22,2.51994903,1.225722781,0.296032847,0.046484497,0.044037944,0.0,1.27465383,0.0,0.0,1.108288263,0.254441455,1.235508991,0.0,0.0,0.092968993,0.058717259,0.0,0.181044882,0.095415546,0.0,0.0,0.25933456,2.471017981,1.167005521,0.122327623,0.088075888
2010-04-23,2.8869318980000003,1.091162395,0.2984794,0.046484497,0.044037944,0.0,1.379855586,0.0,0.592065694,1.103395158,0.242208693,0.528455331,0.0,0.0,0.092968993,0.058717259,0.0,0.183491434,0.08318278400000001,0.0,0.0,0.286246637,2.446552457,1.15477276,0.124774175,0.088075888
2010-04-24,3.131587145,1.223276228,0.364536316,0.046484497,0.044037944,0.0,0.988407192,0.0,0.890545094,1.218383123,0.271567323,0.337624239,0.0,0.0,0.092968993,0.063610364,0.0,0.220189721,0.092968993,0.0,0.0,0.5455811979999999,2.471017981,1.247741753,0.124774175,0.088075888
2010-04-25,2.764604275,1.223276228,0.4305932320000001,0.044037944,0.044037944,0.0,0.552920855,0.0,0.883205437,1.372515928,0.313158714,0.337624239,0.0,0.0,0.090522441,0.066056916,0.0,0.274013875,0.105201756,0.0,0.0,0.746198499,2.642276653,1.223276228,0.124774175,0.088075888
2010-04-26,2.838000849,1.235508991,0.474631177,0.044037944,0.046484497,0.0,0.293586295,0.0,0.8954381990000001,1.487503894,0.359643211,0.337624239,0.0,0.0,0.090522441,0.068503469,0.0,0.303372505,0.105201756,0.0,0.0,0.8147019679999999,2.691207702,1.277100382,0.122327623,0.088075888
2010-04-27,2.7401387510000004,1.242848648,0.506436358,0.063610364,0.048931049,0.0,0.053824154000000006,0.0,0.902777856,1.729712587,0.393894946,0.342517344,0.0,0.0,0.112541413,0.068503469,0.0,0.30826561,0.110094861,0.0,0.0,0.834274388,2.813535325,1.140093445,0.122327623,0.088075888
2010-04-28,2.617811128,1.196364152,0.513776016,0.056270706,0.046484497,0.0,0.296032847,0.0,0.8709726740000001,1.937669545,0.344963896,0.344963896,0.0,0.0,0.102755203,0.063610364,0.0,0.232422483,0.102755203,0.0,0.0,0.54802775,2.666742178,1.191471047,0.122327623,0.088075888
2010-04-29,2.544414555,1.235508991,0.384108736,0.046484497,0.046484497,0.0,0.934583038,0.0,0.900331304,1.433679739,0.296032847,0.344963896,0.0,0.0,0.092968993,0.058717259,0.0,0.183491434,0.092968993,0.0,0.0,0.310712162,2.280186889,1.198810704,0.122327623,0.088075888
2010-04-30,2.593345604,1.201257256,0.330284582,0.046484497,0.046484497,0.0,1.064250319,0.0,0.868526122,1.284440039,0.266674218,0.347410449,0.0,0.0,0.092968993,0.056270706,0.0,0.166365567,0.092968993,0.0,0.0,0.225082826,2.642276653,1.294226249,0.122327623,0.088075888
2010-05-01,2.617811128,1.191471047,0.327838029,0.046484497,0.046484497,0.0,0.951708906,0.0,0.861186465,1.269760725,0.271567323,0.342517344,0.0,0.0,0.092968993,0.061163811,0.0,0.16881212,0.092968993,0.0,0.0,0.325391477,2.219023078,1.208596913,0.122327623,0.088075888
2010-05-02,2.253274813,1.223276228,0.362089764,0.046484497,0.046484497,0.0,0.293586295,0.0,0.890545094,1.355390061,0.2984794,0.34007079100000004,0.0,0.0,0.092968993,0.066056916,0.0,0.198170749,0.100308651,0.0,0.0,0.589619142,2.617811128,1.228169333,0.124774175,0.085629336
2010-05-03,2.838000849,1.242848648,0.406127708,0.046484497,0.048931049,0.0,0.746198499,0.0,0.907670961,1.4556987119999998,0.335177687,0.337624239,0.0,0.0,0.095415546,0.068503469,0.0,0.247101798,0.124774175,0.0,0.0,0.800022653,2.495483505,1.1939175990000002,0.122327623,0.085629336
2010-05-04,3.2049837180000003,1.191471047,0.481970834,0.046484497,0.053824154000000006,0.0,0.264227665,0.0,0.861186465,1.6807815380000002,0.411020813,0.337624239,0.0,0.0,0.102755203,0.070950021,0.0,0.342517344,0.207956959,0.0,0.0,1.076483081,2.439212799,1.323584879,0.122327623,0.088075888
2010-05-05,2.838000849,1.223276228,0.506436358,0.046484497,0.051377602,0.0,0.051377602,0.0,0.890545094,1.781090188,0.462398414,0.342517344,0.0,0.0,0.097862098,0.070950021,0.0,0.386555288,0.310712162,0.0,0.0,1.056910661,2.789069801,1.330924536,0.122327623,0.088075888
2010-05-06,2.56888008,1.242848648,0.474631177,0.046484497,0.046484497,0.0,0.053824154000000006,0.0,0.907670961,1.617171174,0.450165652,0.344963896,0.0,0.0,0.092968993,0.068503469,0.0,0.376769078,0.30826561,0.0,0.0,0.897884751,2.764604275,1.262421068,0.122327623,0.088075888
2010-05-07,2.666742178,1.333371089,0.4648449670000001,0.046484497,0.046484497,0.0,0.374322526,0.0,0.978620982,1.225722781,0.4477191,0.337624239,0.0,0.0,0.092968993,0.068503469,0.0,0.384108736,0.26912077,0.0,0.0,0.892991647,2.862466374,1.174345179,0.122327623,0.088075888
2010-05-08,3.425173439,1.367622823,0.467291519,0.046484497,0.046484497,0.0,0.70705366,0.0,1.012872717,1.277100382,0.4648449670000001,0.34007079100000004,0.0,0.0,0.092968993,0.070950021,0.0,0.415913918,0.305819057,0.0,0.0,0.949262353,2.7401387510000004,1.30401246,0.122327623,0.088075888
2010-05-09,2.715673227,1.379855586,0.4354863370000001,0.046484497,0.046484497,0.0,0.141900042,0.0,1.025105479,1.316245221,0.442825995,0.337624239,0.0,0.0,0.092968993,0.068503469,0.0,0.376769078,0.313158714,0.0,0.0,0.755984709,2.813535325,1.223276228,0.122327623,0.088075888
2010-05-10,2.1407334,1.3945348999999998,0.359643211,0.046484497,0.046484497,0.0,0.582279485,0.0,1.037338242,1.538881495,0.376769078,0.342517344,0.0,0.0,0.092968993,0.063610364,0.0,0.25933456,0.185937987,0.0,0.0,0.467291519,2.51994903,1.213490018,0.122327623,0.088075888
2010-05-11,2.307098966,1.41410732,0.320498372,0.046484497,0.046484497,0.0,0.729072632,0.0,1.052017556,1.485057341,0.34007079100000004,0.34007079100000004,0.0,0.0,0.092968993,0.061163811,0.0,0.215296616,0.11988107,0.0,0.0,0.352303554,2.297312757,1.338264194,0.122327623,0.085629336
2010-05-12,2.289973099,1.431233187,0.30826561,0.046484497,0.046484497,0.0,0.729072632,0.0,1.064250319,1.330924536,0.320498372,0.337624239,0.0,0.0,0.092968993,0.056270706,0.0,0.20061730100000005,0.078289679,0.0,0.0,0.374322526,2.003726462,1.213490018,0.134560385,0.085629336
2010-05-13,2.642276653,1.445912502,0.332731134,0.046484497,0.046484497,0.0,0.729072632,0.0,1.083822739,1.323584879,0.335177687,0.342517344,0.0,0.0,0.092968993,0.056270706,0.0,0.229975931,0.063610364,0.0,0.0,0.582279485,2.544414555,1.215936571,0.144346595,0.085629336
2010-05-14,3.082656095,1.4654849209999998,0.354750106,0.046484497,0.048931049,0.0,0.932136486,0.0,1.186577942,1.467931474,0.371875973,0.347410449,0.0,0.0,0.095415546,0.058717259,0.0,0.266674218,0.075843126,0.0,0.0,0.7755571290000001,2.7401387510000004,1.301565907,0.144346595,0.088075888
2010-05-15,3.082656095,1.472824579,0.42814668,0.046484497,0.048931049,0.0,0.193277644,0.0,1.284440039,2.211683421,0.440379442,0.344963896,0.0,0.0,0.095415546,0.061163811,0.0,0.369429421,0.122327623,0.0,0.0,1.032445137,2.495483505,1.272207278,0.144346595,0.090522441
2010-05-16,3.082656095,1.485057341,0.477077729,0.046484497,0.046484497,0.0,0.053824154000000006,0.0,1.286886592,3.37624239,0.516222568,0.344963896,0.0,0.0,0.095415546,0.066056916,0.0,0.477077729,0.266674218,0.0,0.0,1.196364152,2.960328472,1.279546934,0.144346595,0.090522441
2010-05-17,3.327311341,1.497290104,0.528455331,0.046484497,0.048931049,0.0,0.053824154000000006,0.0,1.291779697,4.134673651,0.5455811979999999,0.344963896,0.0,0.0,0.095415546,0.066056916,0.0,0.494203596,0.384108736,0.0,0.0,1.149879655,2.960328472,1.269760725,0.144346595,0.092968993
2010-05-18,3.107121619,1.511969418,0.516222568,0.046484497,0.048931049,0.0,0.053824154000000006,0.0,1.30401246,3.718759734,0.477077729,0.34007079100000004,0.0,0.0,0.095415546,0.061163811,0.0,0.381662183,0.281353532,0.0,0.0,0.858739912,2.8869318980000003,1.272207278,0.141900042,0.092968993
2010-05-19,2.7401387510000004,1.5364349430000002,0.457505309,0.046484497,0.046484497,0.0,0.053824154000000006,0.0,1.157219312,3.425173439,0.477077729,0.342517344,0.0,0.0,0.095415546,0.063610364,0.0,0.415913918,0.205510406,0.0,0.0,0.866079569,2.789069801,1.198810704,0.144346595,0.090522441
2010-05-20,3.400707915,1.56334702,0.499096701,0.046484497,0.048931049,0.0,0.053824154000000006,0.0,1.152326207,4.159139176,0.562707065,0.342517344,0.0,0.0,0.095415546,0.063610364,0.0,0.611638114,0.347410449,0.0,0.0,1.416553872,2.23125584,1.233062438,0.144346595,0.092968993
2010-05-21,2.8869318980000003,1.5878125440000002,0.450165652,0.046484497,0.127220728,0.0,0.053824154000000006,0.0,1.387195243,4.575053093999999,0.54802775,0.344963896,0.0,0.0,0.173705224,0.058717259,0.0,0.540688093,0.499096701,0.0,0.0,1.066696871,2.715673227,1.350496956,0.141900042,0.095415546
2010-05-22,1.937669545,1.612278069,0.357196659,0.046484497,0.046484497,0.0,0.056270706,0.0,1.399428005,3.302845816,0.4477191,0.344963896,0.0,0.0,0.092968993,0.053824154000000006,0.0,0.369429421,0.25933456,0.0,0.0,0.56760017,2.471017981,1.220829676,0.13945349,0.092968993
2010-05-23,1.531541838,1.636743593,0.300925952,0.046484497,0.046484497,0.0,0.056270706,0.0,1.42389353,2.495483505,0.389001841,0.344963896,0.0,0.0,0.092968993,0.051377602,0.0,0.330284582,0.13945349,0.0,0.0,0.425700127,1.744391901,1.291779697,0.13945349,0.090522441
2010-05-24,1.355390061,1.653869461,0.264227665,0.046484497,0.046484497,0.0,0.056270706,0.0,1.433679739,2.003726462,0.349857001,0.34007079100000004,0.0,0.0,0.095415546,0.051377602,0.0,0.4354863370000001,0.190831092,0.0,0.0,0.357196659,1.4997366559999998,1.259974515,0.144346595,0.092968993
2010-05-25,1.27465383,1.67344188,0.249548351,0.046484497,0.046484497,0.0,0.056270706,0.0,1.433679739,1.592705649,0.332731134,0.34007079100000004,0.0,0.0,0.095415546,0.051377602,0.0,0.423253575,0.237315588,0.0,0.0,0.366982869,1.1939175990000002,1.279546934,0.144346595,0.092968993
2010-05-26,1.949902308,1.690567748,0.322944924,0.046484497,0.048931049,0.0,0.053824154000000006,0.0,1.433679739,1.556007362,0.332731134,0.342517344,0.0,0.0,0.095415546,0.056270706,0.0,0.516222568,0.34007079100000004,0.0,0.0,0.636103639,1.450805607,1.213490018,0.144346595,0.092968993
2010-05-27,1.986600595,1.695460852,0.332731134,0.046484497,0.046484497,0.0,0.056270706,0.0,1.4287866340000002,1.668548775,0.327838029,0.342517344,0.0,0.0,0.095415546,0.056270706,0.0,0.494203596,0.401234603,0.0,0.0,0.5186691210000001,2.062443721,1.262421068,0.144346595,0.092968993
2010-05-28,1.7346056909999998,1.697907404,0.30826561,0.046484497,0.046484497,0.0,0.053824154000000006,0.0,1.419000425,1.634297041,0.322944924,0.342517344,0.0,0.0,0.095415546,0.053824154000000006,0.0,0.462398414,0.40857426,0.0,0.0,0.452612204,1.97192128,1.345603851,0.144346595,0.092968993
2010-05-29,1.634297041,1.702800509,0.300925952,0.046484497,0.048931049,0.0,0.053824154000000006,0.0,1.4287866340000002,1.5511142569999998,0.315605267,0.34007079100000004,0.0,0.0,0.095415546,0.053824154000000006,0.0,0.440379442,0.34007079100000004,0.0,0.0,0.445272547,1.883845392,1.272207278,0.141900042,0.090522441
2010-05-30,1.888738496,1.705247062,0.315605267,0.046484497,0.048931049,0.0,0.13945349,0.0,1.436126292,1.81289537,0.352303554,0.337624239,0.0,0.0,0.095415546,0.056270706,0.0,0.7046071070000001,0.4354863370000001,0.0,0.0,0.675248478,1.844700553,1.225722781,0.144346595,0.092968993
2010-05-31,2.642276653,1.7101401669999998,0.34007079100000004,0.046484497,0.048931049,0.0,0.374322526,0.0,0.69726745,2.715673227,0.425700127,0.34007079100000004,0.0,0.0,0.095415546,0.058717259,0.0,1.149879655,0.910117514,0.0,0.0,0.866079569,2.172538581,1.284440039,0.144346595,0.095415546
2010-06-01,2.691207702,1.737052244,0.362089764,0.046484497,0.048931049,0.0,0.107648308,0.0,1.431233187,3.474104488,0.528455331,0.34007079100000004,0.0,0.0,0.095415546,0.061163811,0.0,1.502183209,1.267314173,0.0,0.0,1.08626929,2.113821322,1.203703808,0.144346595,0.097862098
2010-06-02,2.813535325,1.715033272,0.389001841,0.046484497,0.048931049,0.0,0.053824154000000006,0.0,1.443465949,3.987880504,0.6458898479999999,0.643443296,0.0,0.0,0.095415546,0.066056916,0.0,1.749285006,1.641636698,0.0,0.0,1.301565907,2.51994903,1.272207278,0.144346595,0.095415546
2010-06-03,3.107121619,1.697907404,0.403681155,0.051377602,0.048931049,0.0,0.053824154000000006,0.0,1.3945348999999998,5.309018831,0.7926829959999999,2.715673227,0.0,0.0,0.100308651,0.08073623099999999,0.0,2.050210958,2.248381708,0.0,0.0,1.604938412,2.960328472,1.206150361,0.144346595,0.095415546
2010-06-04,3.351776865,1.636743593,0.415913918,0.046484497,0.048931049,0.0,0.053824154000000006,0.0,1.4067676619999998,7.143933173,1.560900467,4.844173864,0.0,0.0,0.095415546,0.110094861,0.0,2.471017981,2.715673227,0.0,0.0,1.805555713,3.37624239,1.308905565,0.144346595,0.095415546
2010-06-05,3.5719665860000003,1.6147246219999998,0.433039785,0.046484497,0.046484497,0.0,0.053824154000000006,0.0,1.42389353,10.17765822,2.764604275,7.60877814,0.0,0.0,0.092968993,0.244655246,0.0,2.715673227,3.131587145,0.0,0.0,1.808002265,3.229449242,1.215936571,0.127220728,0.095415546
2010-06-06,3.987880504,1.612278069,0.450165652,0.046484497,0.048931049,0.0,0.053824154000000006,0.0,1.419000425,12.52634858,3.0581905710000004,9.272433813,0.0,0.0,0.095415546,0.249548351,0.0,3.082656095,3.64536316,0.0,0.0,1.825128132,3.0337250460000003,1.1939175990000002,0.114987965,0.097862098
2010-06-07,3.865552881,1.575579782,0.4305932320000001,0.046484497,0.048931049,0.0,0.053824154000000006,0.0,1.419000425,12.6486762,3.131587145,9.321364863,0.0,0.0,0.095415546,0.20061730100000005,0.0,3.2049837180000003,3.91448393,0.0,0.0,1.803109161,3.2049837180000003,1.301565907,0.13945349,0.097862098
2010-06-08,3.425173439,1.5657935719999998,0.386555288,0.046484497,0.063610364,0.0,0.053824154000000006,0.0,1.416553872,10.66696871,2.8869318980000003,9.566020106,0.0,0.0,0.112541413,0.102755203,0.0,2.935862948,3.743225259,0.0,0.0,1.580472886,3.2049837180000003,1.289333144,0.144346595,0.097862098
2010-06-09,2.838000849,1.56334702,0.34007079100000004,0.046484497,0.046484497,0.0,0.053824154000000006,0.0,1.419000425,9.44369248,2.471017981,9.370295905,0.0,0.0,0.095415546,0.070950021,0.0,2.56888008,3.278380292,0.0,0.0,1.3945348999999998,2.935862948,1.296672802,0.144346595,0.095415546
2010-06-10,2.292419652,1.575579782,0.283800085,0.048931049,0.046484497,0.0,0.132113833,0.0,1.426340083,8.83205437,2.040424748,8.318278352,0.0,0.0,0.095415546,0.061163811,0.0,2.184771344,2.764604275,0.0,0.0,1.083822739,2.617811128,1.252634858,0.137006938,0.090522441
2010-06-11,2.221469631,1.585365991,0.237315588,0.048931049,0.046484497,0.0,0.440379442,0.0,1.426340083,6.385501911,1.443465949,6.703553731,0.0,0.0,0.095415546,0.058717259,0.0,1.729712587,1.98170749,0.0,0.0,0.758431262,1.910757469,1.147433102,0.144346595,0.088075888
2010-06-12,2.270400679,1.595152202,0.212850064,0.046484497,0.046484497,0.0,0.513776016,0.0,1.409214215,4.623984143,1.174345179,5.309018831,0.0,0.0,0.095415546,0.056270706,0.0,1.53398839,1.516862523,0.0,0.0,0.699714003,1.925436783,1.228169333,0.144346595,0.092968993
2010-06-13,2.155412714,1.609831517,0.195724197,0.048931049,0.046484497,0.0,0.43793289,0.0,1.419000425,4.134673651,1.26486762,4.2570012739999985,0.0,0.0,0.095415546,0.058717259,0.0,1.651422908,1.624510831,0.0,0.0,0.753538157,2.1407334,1.296672802,0.144346595,0.095415546
2010-06-14,2.165198924,1.609831517,0.185937987,0.048931049,0.046484497,0.0,0.5113294629999999,0.0,1.40432111,4.23253575,1.443465949,3.767690783,0.0,0.0,0.095415546,0.058717259,0.0,1.6612091180000002,1.538881495,0.0,0.0,0.800022653,2.0061730140000003,1.262421068,0.144346595,0.095415546
2010-06-15,2.24104205,1.607384964,0.17615177699999998,0.048931049,0.046484497,0.0,0.56760017,0.0,1.401874557,4.697380717,1.744391901,3.400707915,0.0,0.0,0.092968993,0.058717259,0.0,2.0844626930000003,2.086909245,0.0,0.0,0.892991647,1.281993487,1.179238284,0.144346595,0.097862098
2010-06-16,2.143179952,1.57313323,0.15902591,0.048931049,0.044037944,0.0,0.71683987,0.0,1.4067676619999998,4.819708339,1.697907404,2.813535325,0.0,0.0,0.092968993,0.058717259,0.0,1.930329888,2.003726462,0.0,0.0,0.780450234,2.13094719,1.250188305,0.144346595,0.095415546
2010-06-17,2.304652414,1.568240125,0.134560385,0.048931049,0.044037944,0.0,1.103395158,0.0,1.4067676619999998,3.669828685,1.257527963,2.050210958,0.0,0.0,0.092968993,0.056270706,0.0,1.485057341,1.57313323,0.0,0.0,0.560260513,2.495483505,1.323584879,0.144346595,0.092968993
2010-06-18,2.617811128,1.5511142569999998,0.11988107,0.048931049,0.044037944,0.0,1.289333144,0.0,1.41410732,2.813535325,1.203703808,1.2452952,0.0,0.0,0.092968993,0.053824154000000006,0.0,1.343157299,1.233062438,0.0,0.0,0.523562226,1.690567748,1.250188305,0.144346595,0.090522441
2010-06-19,2.106481665,1.546221152,0.107648308,0.048931049,0.044037944,0.0,0.98596064,0.0,1.3920883469999998,2.39028175,1.247741753,0.834274388,0.0,0.0,0.092968993,0.053824154000000006,0.0,1.42389353,1.208596913,0.0,0.0,0.54802775,1.861826419,1.247741753,0.14679314699999998,0.090522441
2010-06-20,1.876505734,1.52420218,0.097862098,0.048931049,0.044037944,0.0,0.858739912,0.0,1.4067676619999998,2.170092029,1.218383123,0.731519184,0.0,0.0,0.092968993,0.053824154000000006,0.0,1.3774090330000002,1.306459012,0.0,0.0,0.484417386,1.475271131,1.25508141,0.14679314699999998,0.090522441
2010-06-21,1.766410874,1.516862523,0.085629336,0.048931049,0.044037944,0.0,0.787789891,0.0,1.40432111,2.307098966,1.208596913,0.753538157,0.0,0.0,0.092968993,0.053824154000000006,0.0,1.267314173,1.181684837,0.0,0.0,0.4648449670000001,2.055104063,1.267314173,0.144346595,0.088075888
2010-06-22,1.335817641,1.516862523,0.075843126,0.048931049,0.048931049,0.0,0.442825995,0.0,1.4067676619999998,2.397621407,1.296672802,0.778003681,0.0,0.0,0.095415546,0.053824154000000006,0.0,1.399428005,1.142539997,0.0,0.0,0.445272547,0.84650715,1.184131389,0.14679314699999998,0.088075888
2010-06-23,0.951708906,1.50462976,0.070950021,0.048931049,0.051377602,0.0,0.14679314699999998,0.0,1.40432111,2.495483505,1.384748691,1.3407107459999998,0.0,0.0,0.097862098,0.053824154000000006,0.0,1.519309075,1.25508141,0.0,0.0,0.499096701,0.650782953,1.286886592,0.14679314699999998,0.092968993
2010-06-24,0.858739912,1.497290104,0.063610364,0.048931049,0.048931049,0.0,0.472184624,0.0,1.40432111,3.082656095,1.487503894,2.375602436,0.0,0.0,0.097862098,0.053824154000000006,0.0,1.516862523,1.401874557,0.0,0.0,0.472184624,0.42814668,1.262421068,0.14679314699999998,0.095415546
2010-06-25,1.874059182,1.502183209,0.063610364,0.048931049,0.046484497,0.0,1.142539997,0.0,1.409214215,3.498570013,1.3945348999999998,3.082656095,0.0,0.0,0.092968993,0.053824154000000006,0.0,1.301565907,1.419000425,0.0,0.0,0.452612204,1.57313323,1.291779697,0.144346595,0.095415546
2010-06-26,1.9914937,1.489950446,0.051377602,0.048931049,0.044037944,0.0,1.299119354,0.0,1.4067676619999998,3.400707915,1.475271131,3.107121619,0.0,0.0,0.092968993,0.051377602,0.0,1.291779697,1.348050404,0.0,0.0,0.415913918,1.656316013,1.296672802,0.144346595,0.095415546
2010-06-27,2.24104205,1.494843551,0.044037944,0.048931049,0.046484497,0.0,1.556007362,0.0,1.409214215,3.425173439,1.629403936,3.107121619,0.0,0.0,0.092968993,0.053824154000000006,0.0,1.480164236,1.316245221,0.0,0.0,0.4305932320000001,2.211683421,1.257527963,0.14679314699999998,0.095415546
2010-06-28,2.387835197,1.489950446,0.036698287,0.048931049,0.046484497,0.0,1.5364349430000002,0.0,1.40432111,3.498570013,1.6612091180000002,3.156052669,0.0,0.0,0.092968993,0.051377602,0.0,1.443465949,1.235508991,0.0,0.0,0.393894946,2.206790316,1.206150361,0.14679314699999998,0.095415546
2010-06-29,1.568240125,1.494843551,0.031805182,0.048931049,0.046484497,0.0,1.056910661,0.0,1.3920883469999998,3.5719665860000003,1.570686677,3.2049837180000003,0.0,0.0,0.092968993,0.051377602,0.0,1.301565907,1.198810704,0.0,0.0,0.322944924,0.829381283,1.26486762,0.144346595,0.095415546
2010-06-30,1.688121195,1.492396999,0.022997593,0.048931049,0.046484497,0.0,1.184131389,0.0,1.379855586,3.082656095,1.431233187,2.960328472,0.0,0.0,0.092968993,0.048931049,0.0,1.042231347,1.003086507,0.0,0.0,0.247101798,1.717479825,1.286886592,0.144346595,0.095415546
2010-07-01,1.56334702,1.470378026,0.020306385,0.046484497,0.046484497,0.0,0.951708906,0.0,1.384748691,2.441659352,1.228169333,2.544414555,0.0,0.0,0.092968993,0.048931049,0.0,0.888098542,0.755984709,0.0,0.0,0.181044882,1.027552032,1.237955543,0.14679314699999998,0.095415546
2010-07-02,0.883205437,1.458145264,0.01541328,0.048931049,0.044037944,0.0,0.496650149,0.0,1.379855586,1.854486762,1.042231347,2.09180235,0.0,0.0,0.092968993,0.046484497,0.0,0.7388588420000001,0.560260513,0.0,0.0,0.132113833,0.824488178,1.323584879,0.14679314699999998,0.095415546
2010-07-03,0.7364122890000001,1.4605918169999998,0.014679315,0.046484497,0.044037944,0.0,0.457505309,0.0,1.384748691,1.286886592,0.978620982,1.502183209,0.0,0.0,0.092968993,0.046484497,0.0,0.552920855,0.379215631,0.0,0.0,0.107648308,0.682588135,1.267314173,0.141900042,0.095415546
2010-07-04,0.711946765,1.4605918169999998,0.01027552,0.046484497,0.044037944,0.0,0.496650149,0.0,1.399428005,0.902777856,0.941922696,0.82693473,0.0,0.0,0.092968993,0.046484497,0.0,0.508882911,0.173705224,0.0,0.0,0.090522441,0.325391477,1.220829676,0.141900042,0.095415546
2010-07-05,0.8391674929999999,1.458145264,0.010764831,0.046484497,0.046484497,0.0,0.640996744,0.0,1.3945348999999998,0.892991647,0.927243381,0.812255416,0.0,0.0,0.092968993,0.044037944,0.0,0.503989806,0.056270706,0.0,0.0,0.070950021,0.411020813,1.206150361,0.141900042,0.092968993
2010-07-06,0.944369248,1.4556987119999998,0.004403794,0.046484497,0.046484497,0.0,0.658122611,0.0,1.436126292,1.321138326,1.00553306,0.98596064,0.0,0.0,0.092968993,0.044037944,0.0,0.481970834,0.063610364,0.0,0.0,0.061163811,0.667908821,1.237955543,0.1492397,0.092968993
2010-07-07,0.72662608,1.4556987119999998,0.0,0.046484497,0.044037944,0.0,0.521115673,0.0,1.475271131,1.3627297180000002,1.039784794,1.3749624809999998,0.0,0.0,0.092968993,0.044037944,0.0,0.499096701,0.107648308,0.0,0.0,0.056270706,0.636103639,1.291779697,0.154132805,0.095415546
2010-07-08,0.724179527,1.470378026,0.00513776,0.046484497,0.044037944,0.0,0.521115673,0.0,1.472824579,1.352943508,1.113181368,1.436126292,0.0,0.0,0.092968993,0.051377602,0.0,0.530901883,0.332731134,0.0,0.0,0.046484497,0.675248478,1.313798669,0.154132805,0.100308651
2010-07-09,0.709500212,1.482610789,0.0,0.046484497,0.046484497,0.0,0.521115673,0.0,1.477717684,1.10584171,1.027552032,1.426340083,0.0,0.0,0.092968993,0.053824154000000006,0.0,0.440379442,0.271567323,0.0,0.0,0.031805182,0.274013875,1.171898626,0.154132805,0.100308651
2010-07-10,0.69726745,1.485057341,0.0,0.046484497,0.044037944,0.0,0.516222568,0.0,1.475271131,0.983514087,0.954155458,1.093608948,0.0,0.0,0.090522441,0.053824154000000006,0.0,0.357196659,0.166365567,0.0,0.0,0.023976214,0.34007079100000004,1.291779697,0.151686252,0.100308651
2010-07-11,0.6458898479999999,1.485057341,0.0,0.044037944,0.044037944,0.0,0.452612204,0.0,1.475271131,0.910117514,0.844060597,0.711946765,0.0,0.0,0.088075888,0.051377602,0.0,0.303372505,0.048931049,0.0,0.0,0.017125867,0.337624239,1.316245221,0.1492397,0.100308651
2010-07-12,0.6140846670000001,1.477717684,0.0,0.041591392000000005,0.044037944,0.0,0.452612204,0.0,1.467931474,0.68748124,0.758431262,0.508882911,0.0,0.0,0.088075888,0.051377602,0.0,0.276460428,0.039144839,0.0,0.0,0.015902591,0.584726037,1.203703808,0.1492397,0.100308651
2010-07-13,0.574939827,1.472824579,0.0,0.041591392000000005,0.044037944,0.0,0.440379442,0.0,1.470378026,0.616531219,0.685034688,0.494203596,0.0,0.0,0.085629336,0.051377602,0.0,0.25933456,0.034251734,0.0,0.0,0.017859833000000002,0.386555288,1.279546934,0.1492397,0.102755203
2010-07-14,0.658122611,1.475271131,0.0,0.039144839,0.044037944,0.0,0.572493275,0.0,1.475271131,0.496650149,0.672801926,0.6312105339999999,0.0,0.0,0.085629336,0.051377602,0.0,0.237315588,0.029358629,0.0,0.0,0.014434659,0.7143933170000001,1.284440039,0.1492397,0.102755203
2010-07-15,0.861186465,1.470378026,0.0,0.039144839,0.044037944,0.0,0.8856519890000001,0.0,1.482610789,0.467291519,0.648336401,0.55781396,0.0,0.0,0.08318278400000001,0.051377602,0.0,0.205510406,0.026912077000000003,0.0,0.0,0.011743452,0.809808863,1.206150361,0.14679314699999998,0.095415546
2010-07-16,1.299119354,1.472824579,0.0,0.036698287,0.044037944,0.0,1.027552032,0.0,1.482610789,0.43793289,0.623870876,0.389001841,0.0,0.0,0.08073623099999999,0.051377602,0.0,0.195724197,0.024465525,0.0,0.0,0.011009486,0.719286422,1.208596913,0.144346595,0.088075888
2010-07-17,1.027552032,1.485057341,0.0,0.034251734,0.044037944,0.0,0.861186465,0.0,1.480164236,0.489310491,0.611638114,0.332731134,0.0,0.0,0.08073623099999999,0.051377602,0.0,0.188384539,0.023976214,0.0,0.0,0.008807589000000001,0.5700467220000001,1.308905565,0.141900042,0.085629336
2010-07-18,0.841614045,1.477717684,0.0,0.034251734,0.044037944,0.0,0.640996744,0.0,1.480164236,0.4305932320000001,0.58717259,0.332731134,0.0,0.0,0.078289679,0.051377602,0.0,0.173705224,0.023731559,0.0,0.0,0.006605692,0.611638114,1.203703808,0.12966728,0.088075888
2010-07-19,0.7510916040000001,1.472824579,0.0,0.031805182,0.044037944,0.0,0.665462268,0.0,1.485057341,0.389001841,0.53824154,0.337624239,0.0,0.0,0.078289679,0.048931049,0.0,0.117434518,0.023486904,0.0,0.0,0.00464845,0.601851904,1.279546934,0.08073623099999999,0.090522441
2010-07-20,0.8636330170000001,1.472824579,0.0,0.031805182,0.044037944,0.0,0.819595073,0.0,1.419000425,0.349857001,0.4648449670000001,0.335177687,0.0,0.0,0.075843126,0.046484497,0.0,0.078289679,0.023486904,0.0,0.0,2.45e-05,0.528455331,1.252634858,0.034251734,0.090522441
2010-07-21,0.890545094,1.470378026,0.0,0.031805182,0.046484497,0.0,0.616531219,0.0,1.367622823,0.254441455,0.415913918,0.330284582,0.0,0.0,0.075843126,0.041591392000000005,0.0,0.070950021,0.023486904,0.0,0.0,0.0,0.381662183,1.269760725,0.026912077000000003,0.090522441
2010-07-22,0.592065694,1.485057341,0.0,0.029358629,0.044037944,0.0,0.479524281,0.0,1.365176271,0.16147246199999998,0.403681155,0.344963896,0.0,0.0,0.075843126,0.039144839,0.0,0.066056916,0.023486904,0.0,0.0,0.0,0.54802775,1.294226249,0.019327764,0.088075888
2010-07-23,0.56760017,1.477717684,0.0,0.029358629,0.044037944,0.0,0.481970834,0.0,1.3627297180000002,0.1492397,0.391448393,0.354750106,0.0,0.0,0.075843126,0.036698287,0.0,0.061163811,0.023486904,0.0,0.0,0.0,0.67769503,1.228169333,0.015657936,0.085629336
2010-07-24,0.594512247,1.475271131,0.0,0.029358629,0.044037944,0.0,0.533348436,0.0,1.384748691,0.144346595,0.379215631,0.357196659,0.0,0.0,0.073396574,0.036698287,0.0,0.061163811,0.024220869,0.0,0.0,0.0,0.606745009,1.228169333,0.013700694,0.088075888
2010-07-25,0.795129548,1.482610789,0.0,0.026912077000000003,0.044037944,0.0,0.844060597,0.0,1.3627297180000002,0.13945349,0.366982869,0.357196659,0.0,0.0,0.073396574,0.036698287,0.0,0.061163811,0.024220869,0.0,0.0,0.0,0.349857001,1.289333144,0.014190004,0.090522441
2010-07-26,0.917457171,1.485057341,0.0,0.026912077000000003,0.044037944,0.0,0.689927793,0.0,1.382302138,0.137006938,0.354750106,0.352303554,0.0,0.0,0.073396574,0.034251734,0.0,0.056270706,0.023976214,0.0,0.0,0.0,0.4305932320000001,1.3749624809999998,0.009052244,0.088075888
2010-07-27,0.616531219,1.482610789,0.0,0.026912077000000003,0.044037944,0.0,0.513776016,0.0,1.3627297180000002,0.137006938,0.342517344,0.349857001,0.0,0.0,0.070950021,0.034251734,0.0,0.061163811,0.024465525,0.0,0.0,0.0,0.462398414,1.174345179,0.014190004,0.088075888
2010-07-28,0.57738638,1.472824579,0.0,0.026912077000000003,0.044037944,0.0,0.501543254,0.0,1.379855586,0.134560385,0.344963896,0.354750106,0.0,0.0,0.070950021,0.034251734,0.0,0.061163811,0.024465525,0.0,0.0,0.0,0.442825995,1.215936571,0.013456038,0.088075888
2010-07-29,0.574939827,1.470378026,0.0,0.024465525,0.046484497,0.0,0.501543254,0.0,1.384748691,0.12966728,0.310712162,0.347410449,0.0,0.0,0.070950021,0.034251734,0.0,0.061163811,0.023731559,0.0,0.0,0.0,0.795129548,1.240402095,0.012232762,0.08073623099999999
2010-07-30,0.633657086,1.485057341,0.0,0.024465525,0.046484497,0.0,0.633657086,0.0,1.3920883469999998,0.127220728,0.318051819,0.352303554,0.0,0.0,0.070950021,0.034251734,0.0,0.063610364,0.023486904,0.0,0.0,0.0,0.376769078,1.259974515,0.018104488,0.08073623099999999
2010-07-31,0.6312105339999999,1.489950446,0.0,0.024220869,0.046484497,0.0,0.503989806,0.0,1.3945348999999998,0.122327623,0.300925952,0.354750106,0.0,0.0,0.070950021,0.031805182,0.0,0.063610364,0.023242248,0.0,0.0,0.0,0.371875973,1.27465383,0.016391901,0.08318278400000001
2010-08-01,0.56760017,1.487503894,0.0,0.023731559,0.046484497,0.0,0.501543254,0.0,1.384748691,0.11988107,0.286246637,0.357196659,0.0,0.0,0.070950021,0.031805182,0.0,0.061163811,0.023242248,0.0,0.0,0.0,0.296032847,1.223276228,0.014679315,0.08318278400000001
2010-08-02,0.56760017,1.482610789,0.0,0.023242248,0.046484497,0.0,0.501543254,0.0,1.384748691,0.11988107,0.271567323,0.357196659,0.0,0.0,0.070950021,0.031805182,0.0,0.053824154000000006,0.023242248,0.0,0.0,0.0,0.283800085,1.301565907,0.013211383,0.08073623099999999
2010-08-03,0.565153617,1.472824579,0.0,0.022752938,0.046484497,0.0,0.5186691210000001,0.0,1.384748691,0.117434518,0.207956959,0.352303554,0.0,0.0,0.070950021,0.031805182,0.0,0.046484497,0.019327764,0.0,0.0,0.0,0.5186691210000001,1.296672802,0.012477418,0.08318278400000001
2010-08-04,0.633657086,1.477717684,0.0,0.021774317,0.048931049,0.0,0.628763981,0.0,1.382302138,0.114987965,0.154132805,0.354750106,0.0,0.0,0.070950021,0.031805182,0.0,0.046484497,0.014679315,0.0,0.0,0.0,0.384108736,1.247741753,0.012477418,0.08318278400000001
2010-08-05,0.7046071070000001,1.480164236,0.0,0.021774317,0.048931049,0.0,0.601851904,0.0,1.387195243,0.114987965,0.154132805,0.354750106,0.0,0.0,0.070950021,0.031805182,0.0,0.046484497,0.01541328,0.0,0.0,0.0,0.330284582,1.321138326,0.012477418,0.08073623099999999
2010-08-06,0.57738638,1.489950446,0.0,0.021529662,0.048931049,0.0,0.501543254,0.0,1.387195243,0.114987965,0.151686252,0.357196659,0.0,0.0,0.068503469,0.031805182,0.0,0.044037944,0.01541328,0.0,0.0,0.0,0.30826561,1.237955543,0.012477418,0.08073623099999999
2010-08-07,0.560260513,1.492396999,0.0,0.021040351,0.046484497,0.0,0.501543254,0.0,1.396981452,0.114987965,0.1492397,0.357196659,0.0,0.0,0.068503469,0.031805182,0.0,0.044037944,0.015168625,0.0,0.0,0.0,0.442825995,1.26486762,0.011988107,0.08073623099999999
2010-08-08,0.58717259,1.489950446,0.0,0.020795696,0.048931049,0.0,0.584726037,0.0,1.3945348999999998,0.114987965,0.14679314699999998,0.357196659,0.0,0.0,0.068503469,0.031805182,0.0,0.044037944,0.015168625,0.0,0.0,0.0,0.369429421,1.215936571,0.00464845,0.08073623099999999
2010-08-09,0.675248478,1.489950446,0.0,0.020551041000000003,0.048931049,0.0,0.621424324,0.0,1.382302138,0.112541413,0.141900042,0.364536316,0.0,0.0,0.068503469,0.031805182,0.0,0.039144839,0.015657936,0.0,0.0,0.0,0.459951862,1.318691774,0.0,0.078289679
2010-08-10,0.609191562,1.489950446,0.0,0.020306385,0.048931049,0.0,0.506436358,0.0,1.203703808,0.112541413,0.137006938,0.362089764,0.0,0.0,0.068503469,0.031805182,0.0,0.039144839,0.015902591,0.0,0.0,0.0,0.286246637,1.215936571,0.0,0.075843126
2010-08-11,0.55781396,1.453252159,0.0,0.019817075,0.048931049,0.0,0.503989806,0.0,1.064250319,0.110094861,0.13945349,0.366982869,0.0,0.0,0.068503469,0.031805182,0.0,0.036698287,0.015902591,0.0,0.0,0.0,0.207956959,1.272207278,0.0,0.073396574
2010-08-12,0.555367408,1.450805607,0.0,0.01957242,0.048931049,0.0,0.503989806,0.0,1.078929634,0.110094861,0.134560385,0.364536316,0.0,0.0,0.068503469,0.031805182,0.0,0.036698287,0.015902591,0.0,0.0,0.0,0.352303554,1.120521025,0.0,0.073396574
2010-08-13,0.55781396,1.426340083,0.0,0.01957242,0.048931049,0.0,0.503989806,0.0,1.049571003,0.110094861,0.134560385,0.364536316,0.0,0.0,0.068503469,0.031805182,0.0,0.036698287,0.015902591,0.0,0.0,0.0,0.371875973,1.233062438,0.0,0.073396574
2010-08-14,0.55781396,1.419000425,0.0,0.019327764,0.048931049,0.0,0.503989806,0.0,1.047124451,0.110094861,0.132113833,0.364536316,0.0,0.0,0.068503469,0.031805182,0.0,0.036698287,0.015902591,0.0,0.0,0.0,0.335177687,1.203703808,0.0,0.073396574
2010-08-15,0.55781396,1.41410732,0.0,0.018838454,0.048931049,0.0,0.503989806,0.0,1.047124451,0.107648308,0.124774175,0.364536316,0.0,0.0,0.068503469,0.031805182,0.0,0.036698287,0.015902591,0.0,0.0,0.0,0.320498372,1.230615886,0.0,0.073396574
2010-08-16,0.555367408,1.426340083,0.0,0.018349143,0.051377602,0.0,0.503989806,0.0,1.052017556,0.107648308,0.132113833,0.362089764,0.0,0.0,0.068503469,0.031805182,0.0,0.036698287,0.015902591,0.0,0.0,0.0,0.4305932320000001,1.140093445,0.0,0.073396574
2010-08-17,0.552920855,1.416553872,0.0,0.017859833000000002,0.051377602,0.0,0.503989806,0.0,1.052017556,0.107648308,0.132113833,0.362089764,0.0,0.0,0.068503469,0.031805182,0.0,0.036698287,0.015902591,0.0,0.0,0.0,0.293586295,1.240402095,0.0,0.075843126
2010-08-18,0.550474303,1.421446978,0.0,0.017125867,0.051377602,0.0,0.503989806,0.0,1.052017556,0.107648308,0.132113833,0.359643211,0.0,0.0,0.068503469,0.031805182,0.0,0.036698287,0.015657936,0.0,0.0,0.0,0.207956959,1.184131389,0.0,0.08318278400000001
2010-08-19,0.550474303,1.421446978,0.0,0.016636557,0.051377602,0.0,0.503989806,0.0,1.056910661,0.105201756,0.132113833,0.359643211,0.0,0.0,0.068503469,0.031805182,0.0,0.039144839,0.015657936,0.0,0.0,0.0,0.484417386,1.201257256,0.0,0.08318278400000001
2010-08-20,0.54802775,1.421446978,0.0,0.016636557,0.051377602,0.0,0.503989806,0.0,1.059357214,0.105201756,0.132113833,0.359643211,0.0,0.0,0.068503469,0.031805182,0.0,0.039144839,0.015657936,0.0,0.0,0.0,0.601851904,1.27465383,0.0,0.08318278400000001
2010-08-21,0.54802775,1.306459012,0.0,0.016636557,0.051377602,0.0,0.503989806,0.0,1.061803766,0.107648308,0.132113833,0.362089764,0.0,0.0,0.068503469,0.031805182,0.0,0.039144839,0.015657936,0.0,0.0,0.0,0.315605267,1.083822739,0.0,0.08073623099999999
2010-08-22,0.54802775,1.421446978,0.0,0.017370522,0.051377602,0.0,0.521115673,0.0,1.054464108,0.107648308,0.132113833,0.364536316,0.0,0.0,0.068503469,0.031805182,0.0,0.039144839,0.01541328,0.0,0.0,0.0,0.34007079100000004,1.218383123,0.0,0.08073623099999999
2010-08-23,0.834274388,1.42389353,0.0,0.016636557,0.051377602,0.0,1.020212374,0.0,1.059357214,0.107648308,0.132113833,0.364536316,0.0,0.0,0.068503469,0.031805182,0.0,0.036698287,0.015657936,0.0,0.0,0.0,0.530901883,1.215936571,0.0,0.08318278400000001
2010-08-24,1.284440039,1.42389353,0.0,0.015902591,0.053824154000000006,0.0,1.189024494,0.0,1.054464108,0.105201756,0.132113833,0.364536316,0.0,0.0,0.068503469,0.031805182,0.0,0.036698287,0.015657936,0.0,0.0,0.0,0.124774175,1.252634858,0.0,0.08318278400000001
2010-08-25,1.3945348999999998,1.419000425,0.0,0.015168625,0.053824154000000006,0.0,1.338264194,0.0,1.059357214,0.105201756,0.132113833,0.364536316,0.0,0.0,0.068503469,0.031805182,0.0,0.036698287,0.015657936,0.0,0.0,0.0,0.11988107,1.164558969,0.0,0.08318278400000001
2010-08-26,1.321138326,1.431233187,0.0,0.01492397,0.053824154000000006,0.0,1.037338242,0.0,1.059357214,0.105201756,0.132113833,0.366982869,0.0,0.0,0.068503469,0.031805182,0.0,0.036698287,0.015657936,0.0,0.0,0.0,0.552920855,1.225722781,0.0,0.08318278400000001
2010-08-27,0.702160555,1.41410732,0.0,0.014434659,0.053824154000000006,0.0,0.521115673,0.0,1.044677899,0.102755203,0.132113833,0.366982869,0.0,0.0,0.068503469,0.031805182,0.0,0.036698287,0.015657936,0.0,0.0,0.0,0.237315588,1.169452074,0.0,0.08318278400000001
2010-08-28,0.56760017,1.5364349430000002,0.0,0.014679315,0.053824154000000006,0.0,0.516222568,0.0,1.042231347,0.102755203,0.132113833,0.366982869,0.0,0.0,0.068503469,0.034251734,0.0,0.039144839,0.015657936,0.0,0.0,0.0,0.322944924,1.242848648,0.0,0.08318278400000001
2010-08-29,0.56760017,1.492396999,0.0,0.016147246,0.051377602,0.0,0.516222568,0.0,1.052017556,0.105201756,0.132113833,0.369429421,0.0,0.0,0.068503469,0.034251734,0.0,0.039144839,0.015657936,0.0,0.0,0.0,0.281353532,1.171898626,0.0,0.08318278400000001
2010-08-30,0.56760017,1.42389353,0.0,0.016391901,0.051377602,0.0,0.5113294629999999,0.0,1.056910661,0.107648308,0.132113833,0.364536316,0.0,0.0,0.068503469,0.034251734,0.0,0.039144839,0.015902591,0.0,0.0,0.0,0.474631177,1.164558969,0.0,0.08318278400000001
2010-08-31,0.55781396,1.42389353,0.0,0.016391901,0.051377602,0.0,0.6042984570000001,0.0,1.064250319,0.107648308,0.132113833,0.364536316,0.0,0.0,0.068503469,0.034251734,0.0,0.039144839,0.015902591,0.0,0.0,0.0,0.611638114,1.201257256,0.0,0.08073623099999999
2010-09-01,0.82693473,1.433679739,0.0,0.01541328,0.053824154000000006,0.0,0.812255416,0.0,1.066696871,0.100308651,0.134560385,0.364536316,0.0,0.0,0.068503469,0.046484497,0.0,0.039144839,0.015902591,0.0,0.0,0.013945349,0.765770919,1.272207278,0.0,0.08318278400000001
2010-09-02,0.97617443,1.431233187,0.0,0.01492397,0.053824154000000006,0.0,1.007979612,0.0,1.069143424,0.092968993,0.134560385,0.364536316,0.0,0.0,0.068503469,0.051377602,0.0,0.039144839,0.015902591,0.0,0.0,0.056270706,0.988407192,1.10584171,0.0,0.08073623099999999
2010-09-03,1.252634858,1.438572844,0.0,0.014190004,0.053824154000000006,0.0,1.140093445,0.0,1.074036529,0.090522441,0.134560385,0.366982869,0.0,0.0,0.068503469,0.048931049,0.0,0.039144839,0.016147246,0.0,0.0,0.056270706,0.667908821,1.294226249,0.0,0.08073623099999999
2010-09-04,0.934583038,1.433679739,0.0,0.013945349,0.053824154000000006,0.0,0.606745009,0.0,1.0715899759999998,0.090522441,0.134560385,0.364536316,0.0,0.0,0.068503469,0.048931049,0.0,0.039144839,0.016391901,0.0,0.0,0.056270706,0.43793289,1.215936571,0.0,0.08318278400000001
2010-09-05,0.53824154,1.438572844,0.0,0.013700694,0.053824154000000006,0.0,0.474631177,0.0,1.0715899759999998,0.090522441,0.134560385,0.369429421,0.0,0.0,0.068503469,0.048931049,0.0,0.041591392000000005,0.016391901,0.0,0.0,0.056270706,0.433039785,1.093608948,0.0,0.08073623099999999
2010-09-06,0.533348436,1.4287866340000002,0.0,0.013700694,0.053824154000000006,0.0,0.58717259,0.0,1.069143424,0.090522441,0.134560385,0.369429421,0.0,0.0,0.068503469,0.048931049,0.0,0.039144839,0.016391901,0.0,0.0,0.056270706,0.459951862,1.277100382,0.0,0.08073623099999999
2010-09-07,0.883205437,1.4410193969999998,0.0,0.013456038,0.053824154000000006,0.0,0.861186465,0.0,1.066696871,0.090522441,0.134560385,0.369429421,0.0,0.0,0.068503469,0.048931049,0.0,0.039144839,0.016391901,0.0,0.0,0.036698287,0.484417386,1.171898626,0.0,0.08073623099999999
2010-09-08,0.8147019679999999,1.426340083,0.0,0.014190004,0.053824154000000006,0.0,0.68748124,0.0,1.059357214,0.090522441,0.134560385,0.369429421,0.0,0.0,0.068503469,0.041591392000000005,0.0,0.061163811,0.016391901,0.0,0.0,2.45e-05,0.364536316,1.237955543,0.019083109,0.08073623099999999
2010-09-09,0.665462268,1.384748691,0.0,0.016391901,0.051377602,0.0,0.513776016,0.0,1.012872717,0.092968993,0.134560385,0.371875973,0.0,0.0,0.068503469,0.036698287,0.0,0.088075888,0.016636557,0.0,0.0,0.0,0.433039785,1.189024494,0.056270706,0.08073623099999999
2010-09-10,0.484417386,1.389641795,0.0,0.015657936,0.053824154000000006,0.0,0.442825995,0.0,1.017765822,0.090522441,0.141900042,0.371875973,0.0,0.0,0.068503469,0.029358629,0.0,0.088075888,0.016636557,0.0,0.0,0.0,0.40857426,1.120521025,0.058717259,0.078289679
2010-09-11,0.472184624,1.384748691,0.0,0.01492397,0.053824154000000006,0.0,0.442825995,0.0,1.017765822,0.090522441,0.13945349,0.371875973,0.0,0.0,0.068503469,0.026912077000000003,0.0,0.088075888,0.016636557,0.0,0.0,0.0,0.489310491,1.267314173,0.058717259,0.073396574
2010-09-12,0.467291519,1.382302138,0.0,0.014190004,0.053824154000000006,0.0,0.459951862,0.0,1.017765822,0.090522441,0.13945349,0.371875973,0.0,0.0,0.068503469,0.026912077000000003,0.0,0.088075888,0.016391901,0.0,0.0,0.0,0.247101798,1.118074473,0.058717259,0.073396574
2010-09-13,0.5798329320000001,0.944369248,0.0,0.013700694,0.053824154000000006,0.0,0.609191562,0.0,0.660569163,0.090522441,0.13945349,0.371875973,0.0,0.0,0.068503469,0.026912077000000003,0.0,0.085629336,0.016147246,0.0,0.0,0.0,0.283800085,0.929689934,0.056270706,0.073396574
2010-09-14,0.6458898479999999,1.355390061,0.0,0.012477418,0.061163811,0.0,0.611638114,0.0,0.968834773,0.090522441,0.137006938,0.376769078,0.0,0.0,0.068503469,0.036698287,0.0,0.090522441,0.016391901,0.0,0.0,0.0,0.386555288,1.233062438,0.058717259,0.073396574
2010-09-15,0.655676058,1.326031431,0.0,0.012477418,0.068503469,0.0,0.611638114,0.0,0.951708906,0.090522441,0.137006938,0.376769078,0.0,0.0,0.08073623099999999,0.026912077000000003,0.0,0.100308651,0.016147246,0.0,0.0,0.0,0.413467365,1.088715843,0.068503469,0.070950021
2010-09-16,0.6312105339999999,0.638550191,0.0,0.012232762,0.068503469,0.0,0.57738638,0.0,0.455058757,0.090522441,0.137006938,0.369429421,0.0,0.0,0.08073623099999999,0.026912077000000003,0.0,0.102755203,0.016391901,0.0,0.0,0.0,0.596958799,0.692374345,0.075843126,0.063610364
2010-09-17,0.599405352,1.3945348999999998,0.0,0.012232762,0.068503469,0.0,0.582279485,0.0,0.934583038,0.090522441,0.134560385,0.379215631,0.0,0.0,0.08073623099999999,0.026912077000000003,0.0,0.124774175,0.016636557,0.0,0.0,0.0,0.596958799,1.189024494,0.088075888,0.063610364
2010-09-18,0.6458898479999999,1.308905565,0.0,0.012232762,0.068503469,0.0,0.609191562,0.0,0.93702959,0.090522441,0.134560385,0.376769078,0.0,0.0,0.08073623099999999,0.024465525,0.0,0.137006938,0.016636557,0.0,0.0,0.0,0.320498372,1.110734815,0.102755203,0.063610364
2010-09-19,0.655676058,1.313798669,0.0,0.012232762,0.068503469,0.0,0.724179527,0.0,0.946815801,0.090522441,0.134560385,0.376769078,0.0,0.0,0.08073623099999999,0.024465525,0.0,0.134560385,0.016636557,0.0,0.0,0.0,0.40857426,1.235508991,0.102755203,0.063610364
2010-09-20,1.003086507,1.311352117,0.0,0.012232762,0.068503469,0.0,1.0348916890000002,0.0,0.939476143,0.090522441,0.134560385,0.379215631,0.0,0.0,0.08073623099999999,0.026912077000000003,0.0,0.134560385,0.016636557,0.0,0.0,0.0,0.93702959,1.149879655,0.102755203,0.063610364
2010-09-21,1.225722781,1.308905565,0.0,0.012232762,0.068503469,0.0,1.00553306,0.0,0.934583038,0.090522441,0.134560385,0.379215631,0.0,0.0,0.08073623099999999,0.026912077000000003,0.0,0.134560385,0.016391901,0.0,0.0,0.0,0.523562226,1.262421068,0.102755203,0.063610364
2010-09-22,0.72662608,1.30401246,0.0,0.012232762,0.068503469,0.0,0.599405352,0.0,0.934583038,0.090522441,0.134560385,0.379215631,0.0,0.0,0.08073623099999999,0.026912077000000003,0.0,0.134560385,0.016147246,0.0,0.0,0.0,0.342517344,1.203703808,0.102755203,0.063610364
2010-09-23,0.550474303,1.308905565,0.0,0.012232762,0.068503469,0.0,0.552920855,0.0,0.917457171,0.090522441,0.132113833,0.381662183,0.0,0.0,0.08073623099999999,0.026912077000000003,0.0,0.132113833,0.016391901,0.0,0.0,0.0,0.332731134,1.223276228,0.102755203,0.063610364
2010-09-24,0.731519184,1.323584879,0.0,0.012232762,0.068503469,0.0,0.7608778140000001,0.0,0.949262353,0.090522441,0.12966728,0.376769078,0.0,0.0,0.08073623099999999,0.026912077000000003,0.0,0.132113833,0.016391901,0.0,0.0,0.0,0.555367408,1.259974515,0.102755203,0.063610364
2010-09-25,0.787789891,1.318691774,0.0,0.012232762,0.068503469,0.0,0.7608778140000001,0.0,0.941922696,0.090522441,0.12966728,0.379215631,0.0,0.0,0.08073623099999999,0.024465525,0.0,0.12966728,0.016147246,0.0,0.0,0.0,0.721732975,1.122967577,0.102755203,0.066056916
2010-09-26,0.82693473,1.321138326,0.0,0.012232762,0.068503469,0.0,0.944369248,0.0,0.941922696,0.090522441,0.12966728,0.379215631,0.0,0.0,0.08073623099999999,0.024465525,0.0,0.12966728,0.016391901,0.0,0.0,0.0,0.787789891,1.313798669,0.102755203,0.066056916
2010-09-27,1.316245221,1.328477984,0.0,0.012232762,0.070950021,0.0,1.223276228,0.0,0.941922696,0.090522441,0.127220728,0.379215631,0.0,0.0,0.08318278400000001,0.024465525,0.0,0.137006938,0.016147246,0.0,0.0,0.0,1.042231347,1.076483081,0.105201756,0.066056916
2010-09-28,1.338264194,1.308905565,0.0,0.00978621,0.070950021,0.0,1.252634858,0.0,0.927243381,0.090522441,0.127220728,0.381662183,0.0,0.0,0.08073623099999999,0.026912077000000003,0.0,0.14679314699999998,0.020306385,0.0,0.0,0.0,0.939476143,1.203703808,0.117434518,0.066056916
2010-09-29,1.629403936,1.30401246,0.0,0.00978621,0.070950021,0.0,1.5657935719999998,0.0,0.924796829,0.090522441,0.127220728,0.381662183,0.0,0.0,0.08073623099999999,0.026912077000000003,0.0,0.14679314699999998,0.022752938,0.0,0.0,0.0,1.208596913,1.206150361,0.117434518,0.066056916
2010-09-30,1.653869461,1.308905565,0.0,0.014679315,0.066056916,0.0,1.289333144,0.0,0.932136486,0.088075888,0.127220728,0.384108736,0.0,0.0,0.08073623099999999,0.026912077000000003,0.0,0.1492397,0.022752938,0.0,0.0,0.0,0.939476143,1.174345179,0.117434518,0.066056916
