Date,1,2,3,4,5,6,7,8,9,10,11,12,13,14,15,16,17,18,19,20,21,22,23,24
2040-01-01,7.28,7.28,7.2,7.19,7.2,7.2,7.23,7.26,7.22,7.26,7.19,7.21,7.18,7.26,7.26,7.21,7.23,13.08,16.97,17.01,16.97,17.0,16.9,17.37
2040-01-02,17.43,17.45,17.45,17.36,17.38,17.41,17.42,17.44,17.36,17.45,17.44,17.43,17.39,17.34,17.29,17.37,42.65,46.38,46.37,46.3,46.32,46.39,46.39,46.3
2040-01-03,46.32,46.36,46.38,46.34,46.36,46.29,46.3,46.33,46.37,46.37,46.37,46.35,46.3,46.37,46.29,46.36,46.35,46.36,46.37,46.38,46.28,43.64,34.44,31.05
2040-01-04,31.24,33.56,34.33,34.34,34.54,34.43,34.42,34.4,34.44,34.48,24.87,21.13,23.0,24.53,24.96,24.96,24.96,24.87,24.88,24.9,24.96,24.92,19.27,11.34
2040-01-05,11.51,15.9,16.62,16.41,16.46,16.46,16.47,16.48,16.5,16.6,16.59,16.43,16.44,16.46,16.5,16.53,16.44,19.3,19.28,19.23,19.24,19.25,19.27,19.29
2040-01-06,19.23,19.3,19.24,19.26,19.22,19.23,19.29,19.23,19.29,19.24,19.29,19.28,19.3,19.28,19.23,19.3,33.85,33.92,35.45,35.6,34.33,33.9,33.91,33.92
2040-01-07,33.78,33.91,33.91,33.91,33.78,33.79,33.79,33.91,33.83,33.86,30.99,23.74,24.14,19.37,19.58,20.96,23.91,24.13,24.05,24.01,23.95,24.05,20.74,12.58
2040-01-08,2.56,-4.07,-1.69,-0.71,-0.37,-0.18,-0.06,-0.15,-0.22,-0.16,-0.16,-0.24,-0.21,-0.14,-0.14,-0.16,-0.14,-0.16,-0.23,-0.21,-0.15,-0.15,-0.21,-0.21
2040-01-09,-0.14,-0.15,-0.14,-0.23,-0.24,-0.21,-0.16,-0.15,-0.14,-0.23,-0.21,-0.17,-0.15,-0.16,-0.17,-0.16,-0.16,3.41,3.47,3.47,3.44,3.41,3.42,3.44
2040-01-10,3.43,3.46,3.47,3.47,3.47,3.49,3.42,3.47,3.44,3.42,3.45,3.48,3.49,3.42,3.41,3.42,3.48,3.44,3.48,3.47,3.48,3.41,3.4,3.49
2040-01-11,3.48,3.48,3.48,3.39,3.4,3.4,3.42,3.46,3.4,3.44,3.41,3.46,3.48,3.41,3.46,3.46,3.42,3.4,3.47,3.47,3.48,3.41,3.47,3.47
2040-01-12,3.39,3.46,3.39,3.42,3.43,3.47,3.41,3.42,3.48,3.48,3.46,3.41,3.46,3.48,3.48,3.47,3.46,20.13,39.7,39.69,39.63,39.7,39.71,39.66
2040-01-13,39.7,39.69,39.7,39.65,39.7,39.71,39.7,39.71,39.7,39.58,39.59,39.64,39.66,39.7,39.56,39.59,49.04,49.1,49.1,49.15,49.17,49.09,49.14,49.11
2040-01-14,49.11,49.16,49.1,49.12,49.16,49.03,49.1,49.02,49.03,33.3,27.69,27.68,27.68,27.69,27.68,27.68,44.56,44.51,44.37,44.31,44.16,44.15,44.09,43.99
2040-01-15,43.98,43.82,43.81,43.62,43.6,43.43,43.42,43.24,33.73,33.73,27.68,27.68,27.69,27.68,27.68,27.68,33.37,34.35,34.32,34.33,34.32,34.34,34.34,34.33
2040-01-16,34.37,34.36,34.34,34.37,34.3,34.32,34.33,34.34,34.36,34.33,27.69,27.68,27.68,27.68,27.69,29.28,34.38,34.38,34.37,34.37,34.32,34.36,34.37,34.31
2040-01-17,34.28,34.27,34.3,34.35,34.34,34.33,34.35,34.27,34.37,34.25,29.08,27.68,27.69,27.68,27.69,27.68,34.36,34.29,34.3,34.29,34.29,34.28,34.3,34.32
2040-01-18,34.31,34.32,34.26,34.25,34.27,34.31,34.26,34.31,34.32,16.07,18.51,26.48,26.77,26.78,26.77,26.59,26.68,26.77,26.72,26.76,26.72,26.75,26.66,26.71
2040-01-19,26.66,26.7,26.72,26.72,26.73,26.67,26.74,26.6,26.66,26.68,26.72,26.7,26.7,26.58,26.59,26.67,26.69,36.08,36.1,36.08,36.1,36.09,36.01,36.08
2040-01-20,36.02,36.09,36.09,36.09,36.02,36.09,36.02,36.09,36.05,36.08,36.08,35.27,27.68,27.69,27.68,32.99,35.94,42.97,43.01,42.96,43.02,42.97,43.02,43.02
2040-01-21,43.0,43.0,43.01,42.96,42.97,43.02,42.95,42.98,43.0,42.94,35.11,29.65,27.68,27.69,27.68,39.11,42.96,42.99,43.01,43.01,43.0,42.99,42.95,42.98
2040-01-22,43.01,43.01,42.99,43.0,42.98,43.0,42.93,42.93,36.5,12.76,12.86,25.56,25.86,25.91,25.86,25.89,25.9,25.8,25.85,25.85,25.87,25.86,25.86,25.86
2040-01-23,25.87,25.87,25.74,25.87,25.86,25.75,25.76,25.84,6.58,13.27,25.84,25.84,25.84,25.73,25.73,25.82,25.79,25.71,29.0,29.04,29.07,29.06,29.06,29.07
2040-01-24,28.93,29.02,28.97,30.38,30.37,30.39,30.43,30.39,30.44,30.43,30.4,30.43,30.43,30.39,30.42,30.42,32.53,32.58,33.84,32.6,32.5,32.59,32.58,32.59
2040-01-25,32.51,32.58,32.51,32.57,32.52,32.53,32.59,32.58,32.54,32.59,32.56,32.58,27.69,32.58,32.48,36.3,43.97,43.98,44.03,44.01,44.03,43.96,43.97,43.99
2040-01-26,44.01,44.02,44.0,44.03,44.03,43.99,44.01,44.03,44.02,43.95,41.14,37.77,37.99,38.09,39.63,40.83,41.0,41.05,41.07,41.19,41.04,41.1,37.93,34.52
2040-01-27,28.58,21.98,15.9,11.53,11.67,12.68,15.32,15.32,-4.83,-3.91,2.65,3.31,3.21,3.27,3.29,3.26,3.19,3.21,3.28,3.28,3.28,3.27,3.16,3.17
2040-01-28,3.17,3.2,3.21,3.18,3.23,3.24,3.23,3.24,3.24,3.24,3.13,3.15,3.24,3.24,3.25,3.09,3.15,15.21,15.27,15.24,15.27,15.22,15.23,15.24
2040-01-29,15.27,15.23,15.28,15.26,15.27,15.26,15.26,15.19,15.27,6.88,14.97,15.26,15.13,15.13,15.19,15.13,15.17,15.19,18.97,15.11,15.18,15.21,15.22,15.23
2040-01-30,15.17,15.19,12.45,9.55,5.54,4.32,4.45,5.63,-16.75,-15.96,-6.38,-5.96,-5.76,-5.69,-5.53,-5.67,-5.6,-5.67,-5.58,-5.66,-5.59,-5.58,-5.66,-5.64
2040-01-31,-5.59,-5.66,-5.64,-5.6,-5.59,-5.58,-5.64,-5.59,-5.59,-5.58,-5.69,-5.65,-5.62,-5.61,-5.67,-5.64,-5.62,-5.6,-5.68,-5.67,-5.62,-5.67,-5.68,-5.62
2040-02-01,-5.68,-5.61,-5.6,-5.66,-5.62,-5.71,-5.71,-5.72,-5.72,-23.38,-23.27,-23.27,-19.67,-6.3,-5.8,-5.76,-5.74,-5.7,-5.76,-5.71,-5.8,-5.81,-5.84,-5.82
2040-02-02,-5.73,-5.76,-5.75,-5.75,-5.81,-5.81,-5.74,-5.89,-23.86,-18.87,-13.44,-13.02,-12.82,-12.59,-12.66,-12.75,-12.59,-12.7,-12.69,-12.6,-12.74,-12.72,-12.7,-12.72
2040-02-03,-12.74,-12.72,-12.7,-12.65,-12.72,-12.66,-12.74,-12.71,-12.65,-12.72,-12.66,-12.66,-12.72,-12.72,-12.73,-12.66,-12.71,-12.72,-12.71,-12.69,-12.67,-12.67,-12.66,-12.74
2040-02-04,-12.76,-12.72,-12.69,-12.73,-12.71,-12.66,-12.75,-12.68,-12.74,-12.68,-12.76,-12.74,-12.75,-12.68,-12.68,-12.73,-12.74,21.31,32.69,32.71,32.57,32.61,32.62,32.71
2040-02-05,32.61,32.62,32.68,32.69,32.69,32.62,32.7,32.7,32.6,32.63,5.11,-0.67,5.2,5.19,5.2,4.99,5.13,5.2,5.01,5.12,5.03,5.11,5.04,5.12
2040-02-06,-7.12,-7.11,-6.98,-5.37,-5.08,-5.26,-5.13,-5.22,-5.2,-24.61,-23.65,-10.26,-9.59,-9.42,-9.45,-9.5,-9.57,-9.49,-9.47,-9.56,-9.49,-9.49,-9.58,-9.49
2040-02-07,-9.58,-9.51,-9.57,-9.59,-9.58,-9.53,-9.48,-9.48,-9.49,-9.6,-9.49,-9.51,-9.62,-9.61,-9.51,-9.51,-9.6,-9.53,10.06,11.43,13.22,16.21,18.25,18.31
2040-02-08,18.31,18.31,18.23,18.25,18.31,18.22,23.57,24.55,18.31,18.16,6.24,5.45,5.44,5.45,5.45,14.04,18.16,32.58,32.59,32.66,32.6,32.64,32.62,32.61
2040-02-09,32.64,32.62,32.64,32.6,32.56,32.58,32.64,32.6,20.84,16.64,5.45,5.44,5.44,5.45,5.45,5.45,12.14,20.93,22.54,22.52,22.57,22.55,22.53,22.5
2040-02-10,22.57,22.56,22.55,22.56,22.48,22.5,22.51,22.56,22.52,22.52,22.56,22.55,13.98,5.44,5.44,21.4,22.42,24.71,24.75,24.57,24.71,24.72,24.64,24.59
2040-02-11,24.6,24.71,24.72,24.72,24.57,24.64,24.65,24.66,24.69,24.6,24.65,24.67,24.6,24.6,24.66,29.07,32.88,32.9,32.83,32.9,32.89,32.88,32.89,32.81
2040-02-12,32.89,32.85,32.85,32.82,32.86,32.85,32.86,32.89,26.83,4.39,-16.93,-15.77,-3.59,-2.93,-2.93,-3.1,-3.06,-3.02,-2.98,-3.01,-3.06,-3.07,-3.04,-3.02
2040-02-13,-3.04,-2.99,-2.99,-3.07,-3.06,-3.07,-3.05,-2.99,-3.0,-3.0,-3.12,-3.08,-3.06,-3.01,-3.05,-3.02,1.8,22.3,22.74,22.7,22.74,22.79,22.73,22.79
2040-02-14,22.73,22.8,22.8,22.78,22.69,22.79,22.8,22.71,22.79,22.79,22.75,22.74,22.79,17.57,22.6,22.78,23.21,23.2,23.27,23.27,23.28,23.21,23.28,23.21
2040-02-15,23.22,23.24,23.27,23.26,23.28,23.28,23.21,23.23,23.27,23.28,23.25,23.22,23.28,23.25,23.28,23.28,23.27,23.23,23.29,23.27,23.28,23.28,23.21,23.27
2040-02-16,23.21,23.28,23.27,23.27,23.28,23.21,23.27,23.17,23.16,23.25,10.17,5.44,5.44,5.45,5.44,12.23,24.31,41.53,41.46,41.46,41.49,41.49,41.52,41.52
2040-02-17,41.52,41.54,41.53,41.53,41.53,41.42,41.52,41.43,41.52,35.45,-6.17,-6.15,-6.14,-6.03,-5.85,17.9,25.43,25.3,25.35,25.36,25.43,25.33,25.41,23.46
2040-02-18,19.29,19.39,19.53,19.54,19.73,19.87,23.45,23.48,23.55,7.68,-26.05,-25.84,-25.64,-25.53,-25.46,-25.39,-17.91,7.56,7.73,7.73,7.6,4.49,3.17,3.18
2040-02-19,3.3,3.5,3.87,3.88,3.93,3.92,3.93,3.93,3.91,3.92,3.93,3.92,3.91,3.93,3.92,3.9,3.92,3.93,3.92,3.9,3.92,3.92,3.93,3.92
2040-02-20,3.9,3.92,3.91,3.93,3.92,3.91,3.93,3.93,3.93,3.92,3.91,3.92,3.92,3.92,3.92,3.92,3.91,9.53,11.86,11.8,11.84,11.82,11.82,11.82
2040-02-21,11.85,11.83,11.82,11.85,11.81,12.35,12.29,12.36,12.28,12.31,12.3,12.28,12.35,12.3,12.35,12.3,12.36,13.35,13.35,13.4,13.35,13.4,13.36,13.39
2040-02-22,13.41,13.39,13.4,13.35,13.4,13.35,13.34,13.4,13.32,13.34,13.37,13.4,5.44,13.37,5.58,13.4,13.36,32.83,32.8,32.82,32.85,32.85,32.86,32.81
2040-02-23,32.81,32.82,32.82,32.81,32.85,32.82,32.84,32.86,32.87,32.81,32.87,32.85,29.23,14.68,32.87,32.76,32.7,40.84,40.89,40.87,40.89,40.89,40.9,40.82
2040-02-24,40.9,40.83,40.9,40.89,40.88,40.88,40.9,40.82,40.86,40.88,15.61,5.44,5.44,5.45,5.89,32.45,40.88,40.89,40.85,40.89,40.88,40.88,40.9,40.89
2040-02-25,40.83,40.86,40.86,40.86,40.86,40.88,40.84,40.89,25.49,-8.37,-7.58,6.1,5.44,5.44,5.44,22.23,22.09,22.07,21.89,21.75,21.55,21.44,21.32,21.14
2040-02-26,20.98,18.37,12.71,12.6,12.42,12.42,12.34,7.81,-9.46,-8.51,5.44,5.44,5.44,5.42,5.42,5.45,5.99,7.91,23.6,23.61,23.56,23.62,23.62,23.62
2040-02-27,23.62,23.54,23.6,23.55,23.61,23.61,23.58,23.6,-2.03,5.45,5.45,5.44,5.44,5.44,5.45,5.44,8.27,8.23,8.15,8.02,8.01,7.89,7.85,7.68
2040-02-28,7.68,7.66,7.59,7.55,7.42,7.37,7.36,7.37,-9.02,-8.89,5.45,5.44,5.45,5.44,5.44,5.44,5.45,7.37,13.39,13.45,13.44,13.42,13.36,13.42
2040-02-29,13.44,13.36,13.42,13.39,13.41,13.41,13.35,13.43,13.43,13.38,5.44,5.45,5.44,5.44,9.25,13.25,13.31,22.11,22.12,22.15,22.14,22.12,22.14,22.16
2040-03-01,22.09,22.16,22.08,22.12,22.09,22.13,22.16,22.13,13.62,13.69,6.58,5.44,5.44,5.44,5.44,5.45,11.29,21.98,23.84,23.83,23.84,23.88,23.89,23.9
2040-03-02,23.9,23.84,23.85,23.89,23.9,23.88,23.9,23.88,23.78,23.85,15.83,5.44,5.45,5.44,5.44,19.06,23.76,29.59,42.03,41.85,41.87,41.89,42.0,41.88
2040-03-03,41.89,41.91,41.91,41.92,41.99,41.98,41.99,41.96,37.57,23.71,13.4,15.56,5.44,12.34,31.67,29.29,37.58,37.52,37.44,37.25,37.12,37.05,36.89,36.74
2040-03-04,36.56,36.47,35.39,35.19,34.99,34.97,34.9,34.73,33.46,23.78,23.77,23.76,14.61,23.77,23.78,23.74,23.75,23.78,23.78,23.78,23.78,23.76,23.77,23.76
2040-03-05,23.77,23.77,23.76,19.95,19.95,20.76,19.18,13.21,-15.0,-14.25,-10.28,-10.2,-10.22,-10.35,-10.35,-10.29,-10.28,-10.28,-9.77,-9.75,-9.8,-9.82,-9.75,-9.8
2040-03-06,-9.78,-9.78,-9.76,-9.76,-9.75,-9.76,-9.76,-9.76,-15.29,-13.61,-9.92,-9.85,-9.93,-10.06,-9.94,-9.87,-9.95,0.35,20.91,20.9,20.78,20.82,20.8,20.82
2040-03-07,20.81,20.82,20.84,20.83,20.86,20.82,20.86,20.78,2.85,11.17,-3.62,-9.43,-9.42,-9.42,-9.41,-9.42,7.97,12.4,13.6,23.91,16.62,11.7,11.71,11.72
2040-03-08,11.73,11.72,11.74,11.73,11.73,11.72,11.73,11.74,-15.66,-15.65,-2.78,-9.42,-9.43,-9.42,-9.41,-9.42,-9.42,11.59,28.37,28.36,28.22,28.25,28.27,28.24
2040-03-09,28.23,28.3,28.24,28.25,28.3,28.31,28.3,28.23,4.27,12.3,-8.78,-9.42,-9.43,-9.42,-9.42,-9.42,-1.55,16.51,18.92,25.5,19.33,15.92,15.91,15.92
2040-03-10,15.96,15.97,15.8,15.82,15.87,15.9,15.79,7.26,-25.63,-25.43,-18.53,-9.42,-9.41,-9.43,-9.41,-9.64,-9.43,7.36,29.03,29.09,29.09,29.08,29.03,29.03
2040-03-11,29.1,29.09,29.11,29.1,29.01,29.1,29.09,28.96,8.55,8.63,-4.99,-9.41,-9.42,-9.41,-9.43,-2.34,9.72,9.66,19.95,27.95,18.95,9.94,8.63,8.63
2040-03-12,8.63,8.62,8.63,8.62,8.63,8.62,8.61,-9.07,-28.93,-17.24,-9.42,-9.42,-9.42,-9.42,-9.42,-9.41,-8.98,-9.18,-6.11,-6.16,-5.8,-6.15,-6.11,-6.19
2040-03-13,-6.14,-6.12,-6.15,-6.11,-6.16,-6.12,-6.24,-6.23,-27.36,-24.16,-23.41,-23.02,-23.0,-23.11,-23.06,-23.06,-23.0,-23.18,-23.11,-23.01,-23.16,-23.14,-23.14,-23.12
2040-03-14,-23.12,-23.14,-23.14,-23.12,-23.11,-23.09,-23.09,-23.11,-23.11,-23.07,-23.08,-23.08,-23.1,-23.09,-23.08,-23.08,-23.14,-23.1,10.42,10.44,10.41,10.4,10.44,10.44
2040-03-15,10.39,10.41,10.45,10.44,10.33,10.33,10.41,10.34,-2.66,-3.08,-8.46,-12.07,-12.07,-12.07,-12.07,-2.86,-2.57,-2.69,0.04,-3.01,-3.0,-2.99,-3.01,-3.01
2040-03-16,-3.01,-3.0,-3.0,-4.2,-4.04,-3.82,-3.01,-3.0,-33.95,-33.65,-12.61,-12.06,-12.06,-12.06,-12.06,-12.06,-12.06,-11.91,-12.03,-11.98,-12.0,-12.05,-12.05,-12.04
2040-03-17,-12.01,-12.03,-11.99,-12.0,-12.04,-12.03,-12.02,-11.98,-11.98,-12.14,-12.12,-12.07,-12.09,-12.05,-12.06,-12.06,-12.05,-8.7,-4.54,-2.86,-8.74,-8.75,-8.7,-8.69
2040-03-18,-8.75,-8.73,-8.75,-8.74,-8.74,-8.71,-8.82,-8.88,-12.47,-20.03,-19.63,-19.38,-19.33,-19.36,-19.35,-19.36,-19.36,-19.35,-19.34,-19.35,-19.35,-19.34,-19.34,-19.35
2040-03-19,-19.35,-19.33,-19.35,-19.35,-19.36,-19.36,-19.35,-26.78,-26.14,-20.62,-20.24,-20.29,-20.31,-20.3,-20.26,-20.28,-20.24,-20.26,-20.35,-20.35,-20.29,-20.35,-20.27,-20.27
2040-03-20,-20.33,-20.32,-20.28,-20.33,-20.26,-20.28,-20.28,-20.37,-20.38,-20.38,-20.37,-20.43,-20.35,-20.37,-20.35,-20.43,-20.35,-5.02,-0.61,-0.55,-0.6,-0.57,-0.54,-0.54
2040-03-21,-0.58,-0.54,-0.53,-0.57,-0.67,-0.64,-0.58,-0.55,-25.91,-25.35,-19.24,-18.68,-18.67,-18.62,-18.69,-18.62,-18.81,-18.66,-18.62,-18.69,-18.68,-18.65,-18.64,-18.77
2040-03-22,-18.75,-18.75,-18.69,-18.67,-18.65,-18.77,-18.79,-20.17,-40.52,-40.3,-40.23,-40.02,-34.82,-20.56,-20.24,-20.22,-20.16,-20.15,-20.08,-20.23,-20.19,-20.08,-20.15,-20.27
2040-03-23,-20.21,-20.19,-20.15,-20.11,-20.25,-20.11,-20.19,-20.21,-27.74,-20.76,-20.26,-20.13,-20.17,-20.19,-20.13,-20.21,-20.18,-20.18,-20.18,-20.13,-20.19,-20.16,-20.14,-20.3
2040-03-24,-20.3,-20.27,-20.26,-20.2,-20.19,-20.29,-20.21,-24.5,-21.65,-20.2,-20.2,-20.2,-20.24,-20.24,-20.36,-20.29,-20.36,-20.28,2.04,2.09,2.1,2.04,2.08,2.04
2040-03-25,2.11,2.03,2.04,2.1,2.09,2.01,2.03,2.11,2.08,1.98,-12.07,-12.06,-12.06,-12.07,-12.07,1.94,2.06,7.9,29.19,29.19,29.18,29.18,29.09,29.1
2040-03-26,29.09,29.18,29.1,29.11,29.09,29.11,29.16,29.16,3.16,3.19,-10.84,-6.89,-12.07,-12.06,-8.14,-5.97,3.79,3.64,3.55,3.4,3.27,3.26,3.24,3.23
2040-03-27,3.24,3.23,3.23,3.22,3.23,3.23,3.22,3.23,-2.25,-34.36,-34.25,-19.65,-16.05,-16.03,-16.21,-16.18,-16.14,-16.14,-16.07,-16.15,-16.08,-16.07,-16.18,-16.07
2040-03-28,-16.21,-16.1,-16.21,-16.15,-16.15,-16.2,-16.22,-19.36,-18.13,-16.25,-16.21,-16.19,-16.14,-16.26,-16.24,-16.2,-16.2,-16.18,-12.45,-2.06,-6.01,-12.48,-12.36,-12.36
2040-03-29,-12.36,-12.47,-12.47,-12.46,-12.48,-12.47,-12.4,-12.4,-18.06,-15.38,-12.39,-12.47,-12.55,-12.49,-12.48,-12.57,-12.57,-12.46,6.73,6.84,6.73,6.78,6.83,6.83
2040-03-30,6.67,6.66,6.66,6.68,6.68,6.69,6.71,-10.84,-36.49,-36.37,-33.02,-12.07,-12.07,-12.07,-12.09,-12.06,-12.3,-12.06,-10.75,-0.18,-0.18,-0.17,-0.18,-0.18
2040-03-31,-0.17,-0.15,-0.14,-0.15,-0.15,-0.2,-0.14,-0.25,-18.95,-18.93,-12.06,-12.07,-12.07,-12.06,-12.07,-12.06,-9.37,-0.18,21.07,21.11,21.14,21.1,21.1,21.12
2040-04-01,21.14,21.05,21.07,21.1,21.1,21.11,21.16,18.51,18.63,11.07,-6.56,1.18,-12.07,-12.07,-1.08,-1.05,19.75,19.7,26.66,29.21,26.67,26.67,26.57,26.59
2040-04-02,26.62,26.68,26.67,26.6,26.66,26.6,26.67,9.17,-26.6,-25.31,-18.5,-18.0,-17.95,-18.0,-18.17,-18.12,-17.97,-17.96,-18.06,-18.0,-18.01,-17.99,-17.98,-18.09
2040-04-03,-17.98,-18.01,-17.98,-18.09,-18.03,-18.1,-18.1,-18.07,-23.29,-21.59,-18.22,-18.01,-18.13,-18.1,-18.1,-18.12,-18.15,-18.06,-9.95,19.61,19.72,19.7,19.62,19.68
2040-04-04,19.71,19.71,19.7,19.72,19.62,19.59,19.71,5.1,-23.98,-23.77,-23.54,-12.07,-12.07,-12.07,-12.07,-12.09,-8.6,4.94,29.63,29.77,29.76,29.65,29.68,29.68
2040-04-05,29.69,29.68,29.69,29.73,29.69,29.7,29.74,26.44,-4.66,-4.63,-9.96,-7.63,-12.06,-12.06,-12.07,-7.26,12.68,25.57,26.45,26.35,26.41,26.41,26.44,26.3
2040-04-06,26.43,26.43,26.31,26.32,26.33,26.39,26.4,22.81,-10.39,-34.66,-34.65,-18.05,-12.07,-12.07,-12.06,-12.3,-10.3,-10.46,-10.53,-9.74,-12.21,-12.13,-12.14,-12.13
2040-04-07,-12.19,-12.2,-12.13,-12.2,-12.13,-12.14,-12.12,-34.69,-34.67,-30.78,-15.33,-15.11,-15.32,-15.27,-15.26,-15.25,-15.18,-15.19,-14.42,-14.47,-14.41,-14.41,-14.4,-14.49
2040-04-08,-14.5,-14.4,-14.41,-14.41,-14.48,-14.56,-14.54,-30.53,-26.77,-19.26,-18.72,-18.76,-18.94,-18.73,-18.76,-18.79,-18.88,-18.83,-18.78,-18.85,-18.87,-18.86,-18.86,-18.81
2040-04-09,-18.79,-18.85,-18.79,-18.84,-18.8,-18.87,-18.83,-18.78,-18.84,-18.83,-18.78,-18.81,-18.94,-18.89,-18.78,-18.88,-18.85,-18.79,4.41,15.0,15.0,14.99,14.91,15.0
2040-04-10,14.86,14.92,14.96,15.0,14.91,14.99,14.89,6.38,-24.31,-24.16,-12.06,-12.06,-12.07,-12.07,-12.07,-12.07,4.8,4.62,12.07,12.08,12.07,11.93,11.97,12.06
2040-04-11,12.08,11.94,11.96,12.05,11.93,11.92,11.94,4.74,-22.95,-22.76,-15.87,-12.07,-12.06,-12.29,-12.07,-12.26,-12.08,-9.98,3.65,11.62,5.28,3.66,3.6,3.57
2040-04-12,3.6,3.65,3.66,3.63,3.67,3.61,3.54,-7.17,-34.84,-34.78,-21.58,-13.94,-13.73,-13.73,-13.7,-13.68,-13.67,-13.61,-13.62,-13.79,-13.77,-13.74,-13.74,-13.74
2040-04-13,-13.73,-13.72,-13.71,-13.71,-13.65,-13.66,-13.65,-13.78,-13.69,-13.67,-13.75,-13.68,-13.73,-13.69,-13.7,-13.69,-13.69,5.97,30.0,32.49,30.03,30.04,29.92,30.02
2040-04-14,30.02,30.04,30.03,29.94,29.92,30.04,30.02,26.7,-1.98,-1.92,-12.07,-12.07,-12.07,-12.06,-12.07,-9.5,6.27,7.33,31.31,32.48,31.26,31.26,31.26,31.3
2040-04-15,31.27,31.28,31.28,31.3,31.3,31.32,31.31,16.61,-12.7,-12.5,-12.07,-12.06,-12.07,-12.09,-12.07,-12.09,-1.53,-1.69,13.2,14.69,13.24,13.19,13.24,13.2
2040-04-16,13.22,13.18,13.25,13.25,13.25,13.23,13.17,-18.31,-18.25,-18.19,-18.17,-18.17,-18.19,-18.21,-18.21,-18.17,-18.17,-18.2,-18.17,-10.39,-10.75,-18.2,-18.18,-18.2
2040-04-17,-18.19,-18.18,-18.19,-18.18,-18.18,-18.18,-18.19,-32.3,-31.73,-24.21,-23.59,-23.59,-23.57,-23.56,-23.71,-23.65,-23.7,-23.68,-23.69,-23.62,-23.62,-23.64,-23.62,-23.72
2040-04-18,-23.71,-23.71,-23.73,-23.72,-23.69,-23.67,-23.73,-23.72,-23.72,-23.72,-23.66,-23.68,-23.64,-23.7,-23.66,-23.66,-23.75,-23.74,-23.64,-22.15,-22.13,-22.06,-22.08,-22.15
2040-04-19,-22.07,-22.07,-22.13,-22.13,-22.12,-22.08,-22.07,-22.12,-22.09,-22.08,-22.08,-22.06,-22.09,-22.1,-22.22,-22.08,-22.1,-22.12,8.72,12.75,12.69,12.7,12.7,12.73
2040-04-20,12.7,12.76,12.7,12.71,12.72,12.76,12.76,3.67,-11.47,-11.24,-12.07,-12.07,-12.06,-12.06,-12.06,-11.85,3.77,3.58,26.34,37.09,37.85,31.22,26.47,26.48
2040-04-21,26.39,26.45,26.46,26.47,26.46,26.46,26.33,23.91,3.32,9.96,3.87,-12.06,-12.06,-12.06,-12.06,10.63,14.32,14.3,14.21,14.07,14.01,13.9,13.78,13.64
2040-04-22,13.63,13.44,13.44,13.42,13.33,13.15,13.04,12.96,-11.43,-10.71,-10.5,-12.07,-12.07,-12.07,-12.06,-9.74,-9.9,-10.13,-10.29,5.99,3.05,-3.18,-10.58,-10.52
2040-04-23,-10.58,-10.52,-11.7,-11.68,-11.57,-10.55,-18.87,-40.79,-40.75,-40.52,-40.41,-40.27,-40.07,-34.6,-19.17,-18.78,-18.95,-18.88,-18.8,-18.89,-18.9,-18.88,-18.85,-18.83
2040-04-24,-18.83,-18.95,-18.81,-18.93,-18.92,-18.85,-18.97,-27.45,-25.76,-18.96,-18.89,-18.94,-18.89,-18.9,-19.11,-18.89,-19.04,-18.93,4.56,4.56,4.56,4.6,4.58,4.6
2040-04-25,4.62,4.57,4.61,4.63,4.57,4.59,4.6,4.61,4.6,-4.35,-12.07,-12.06,-12.06,-12.06,-7.81,4.61,4.62,24.9,24.97,24.91,24.97,24.96,24.96,24.96
2040-04-26,24.97,24.86,24.87,24.96,24.85,24.85,24.87,17.91,-11.22,-10.68,-12.06,-12.06,-12.07,-12.06,-12.07,-12.04,-9.66,-9.67,-9.85,-7.46,-5.17,-10.2,-10.69,-10.68
2040-04-27,-10.77,-10.74,-10.72,-10.69,-10.76,-10.7,-10.74,-10.74,-11.32,-45.44,-45.23,-45.14,-44.94,-44.78,-44.64,-44.43,-44.21,-21.31,-11.44,-11.26,-11.26,-11.24,-11.37,-11.37
2040-04-28,-11.29,-11.31,-11.37,-11.28,-11.32,-11.37,-11.34,-20.23,-20.19,-19.79,-12.33,-12.11,-12.32,-12.11,-12.32,-12.31,-12.27,2.33,16.51,16.49,16.53,16.46,16.48,16.48
2040-04-29,16.47,16.53,16.53,16.52,16.52,16.53,16.52,9.94,-28.34,-27.31,-12.06,-12.07,-12.07,-12.07,-12.07,-12.06,3.45,3.44,3.51,4.44,3.4,3.56,3.43,3.46
2040-04-30,3.52,3.46,3.52,3.47,3.53,3.48,2.26,-28.24,-28.14,-28.12,-23.84,-15.28,-15.28,-15.14,-15.33,-15.3,-15.31,-15.32,-10.32,-10.29,-7.95,-10.28,-10.34,-10.28
2040-05-01,-10.35,-10.29,-10.29,-10.36,-10.38,-10.28,-10.36,-15.67,-15.33,-14.75,-14.81,-14.77,-14.76,-14.78,-14.76,-14.84,-14.77,-14.91,6.18,6.79,6.79,6.77,6.79,6.77
2040-05-02,6.66,6.73,6.79,6.78,6.62,6.67,6.77,-4.21,-18.98,-11.76,-12.06,-12.07,-12.07,-12.07,-12.06,-4.13,-4.32,-4.46,4.42,4.42,4.42,4.42,4.47,4.43
2040-05-03,4.41,4.45,4.47,4.48,4.47,4.37,4.4,-2.91,4.22,-5.46,-10.85,-1.98,-6.6,3.07,4.47,4.31,4.26,14.76,21.8,21.82,21.85,21.86,21.84,21.85
2040-05-04,21.85,21.78,21.81,21.86,21.85,21.8,21.84,7.57,-24.55,-14.28,-12.06,-12.07,-12.06,-12.07,-12.07,-12.06,-12.07,-6.04,-6.05,-6.15,-6.24,-6.35,-6.53,-6.71
2040-05-05,-6.87,-6.89,-6.98,-7.12,-7.3,-7.3,-7.32,-23.27,-42.04,-41.83,-41.71,-34.99,-23.65,-23.35,-23.22,-23.29,-23.4,-23.25,-23.42,-23.33,-23.26,-23.3,-23.3,-23.27
2040-05-06,-23.34,-23.26,-23.27,-23.27,-23.27,-23.33,-23.46,-23.41,-23.39,-23.4,-23.4,-23.43,-23.41,-23.38,-23.38,-23.4,-23.38,-23.4,-10.69,-10.64,-6.55,-10.55,-10.67,-10.64
2040-05-07,-10.66,-10.64,-10.64,-10.65,-10.66,-10.64,-10.64,-32.61,-32.54,-32.31,-15.29,-14.43,-14.37,-14.35,-14.34,-14.32,-14.28,-14.34,-13.14,-12.86,-7.8,-12.24,-13.13,-13.1
2040-05-08,-13.08,-13.07,-13.06,-13.07,-13.14,-13.2,-13.1,-24.44,-24.21,-24.04,-24.04,-24.04,-24.06,-24.04,-24.04,-24.04,-24.04,-24.09,-24.04,-24.07,-24.06,-24.05,-24.05,-24.05
2040-05-09,-24.05,-24.11,-24.1,-24.09,-24.09,-24.09,-24.06,-24.1,-24.05,-24.09,-24.08,-24.04,-24.04,-24.09,-24.09,-24.04,-24.09,-24.11,-24.21,-19.38,-19.4,-19.39,-19.38,-19.37
2040-05-10,-19.39,-19.47,-19.46,-19.38,-19.46,-19.44,-19.39,-19.37,-19.48,-19.48,-19.39,-19.38,-19.49,-19.4,-19.46,-19.4,-19.41,-19.49,-0.3,20.06,19.96,20.08,19.96,20.07
2040-05-11,20.06,20.06,19.94,19.94,19.94,20.04,20.02,4.06,-9.95,-9.54,-12.06,-12.07,-12.06,-12.07,-12.06,-7.62,4.15,3.94,28.84,28.85,28.86,28.87,28.85,28.87
2040-05-12,28.87,28.87,28.88,28.86,28.87,28.81,28.81,21.7,9.92,15.45,-6.39,-12.07,-12.07,-5.28,8.63,21.78,21.67,21.56,25.59,32.2,35.03,28.67,25.62,25.69
2040-05-13,25.62,25.63,25.65,25.69,25.63,25.7,25.64,10.35,-11.22,-10.8,-12.07,-12.07,-12.07,-12.07,-12.06,-9.12,10.45,10.3,19.49,19.54,19.54,19.49,19.54,19.52
2040-05-14,19.49,19.54,19.52,19.54,19.54,19.51,17.09,-7.68,-34.18,-25.67,-12.07,-12.07,-12.06,-12.09,-12.09,-12.07,-12.08,-7.59,-6.71,-6.8,-2.89,-5.94,-6.82,-6.76
2040-05-15,-6.83,-6.81,-6.76,-6.81,-6.76,-6.83,-13.4,-32.6,-32.33,-20.06,-19.46,-19.35,-19.36,-19.44,-19.35,-19.46,-19.44,-19.37,-19.45,-19.44,-19.38,-19.44,-19.41,-19.42
2040-05-16,-19.41,-19.38,-19.38,-19.39,-19.39,-19.37,-19.38,-19.39,-19.38,-19.39,-19.37,-19.37,-19.55,-19.55,-19.4,-19.53,-19.51,-6.15,0.98,3.7,9.32,1.64,0.96,0.85
2040-05-17,0.89,0.84,0.86,0.93,0.85,0.82,0.88,-20.2,-20.13,-17.39,-16.87,-17.07,-16.92,-16.89,-16.9,-17.08,-17.07,-17.04,-1.44,1.23,9.27,4.71,1.28,1.29
2040-05-18,1.24,1.29,1.3,1.3,1.24,1.26,-3.91,-29.76,-29.54,-29.35,-18.26,-12.06,-12.07,-12.07,-12.07,-12.07,-4.08,-4.19,16.9,20.77,20.68,20.79,20.8,20.8
2040-05-19,20.68,20.78,20.63,20.64,20.66,20.69,20.73,7.65,-7.81,-7.59,-1.02,-1.47,-12.07,-12.07,-12.06,-10.69,3.0,5.57,12.17,15.12,14.98,15.16,15.02,15.06
2040-05-20,15.04,15.1,15.08,15.11,15.1,15.11,15.09,-0.87,-24.93,-24.28,-12.07,-12.07,-12.07,-12.09,-12.3,-12.07,-5.95,-6.1,1.31,1.24,8.2,1.42,1.28,1.32
2040-05-21,1.31,1.3,1.32,1.3,1.3,1.26,-3.78,-24.51,-24.31,-22.49,-15.33,-15.3,-15.13,-15.28,-15.29,-15.25,-15.28,-15.26,1.23,3.1,10.27,2.76,1.22,1.22
2040-05-22,1.22,1.11,1.13,1.19,1.1,1.19,-7.99,-30.91,-30.75,-30.65,-14.35,-13.63,-13.84,-13.64,-13.77,-13.75,-13.77,-13.69,-6.63,-2.08,5.12,-3.52,-6.73,-6.69
2040-05-23,-6.62,-6.67,-6.66,-6.62,-6.74,-6.62,-15.4,-31.88,-31.69,-26.41,-15.32,-15.46,-15.46,-15.46,-15.38,-15.44,-15.46,-15.41,-5.51,-5.56,2.28,-5.49,-5.67,-5.65
2040-05-24,-5.55,-5.64,-5.57,-5.66,-5.58,-5.57,-5.55,-25.53,-25.4,-14.88,-12.07,-12.07,-12.07,-12.07,-12.07,-6.83,-5.66,-1.23,4.39,7.76,11.55,4.36,4.38,4.3
2040-05-25,4.38,4.26,4.27,4.27,4.29,4.36,4.32,-20.22,-19.81,-11.95,-12.07,-12.07,-12.06,-12.06,-9.96,-1.08,-0.62,-0.68,11.76,11.75,12.67,11.74,11.74,11.66
2040-05-26,11.64,11.66,11.74,11.6,11.65,11.66,11.64,-0.9,-8.13,-0.82,-10.42,-12.06,-12.07,-12.07,-12.06,-1.06,-0.82,-0.95,-0.96,-0.94,1.86,-0.98,-0.95,-0.87
2040-05-27,-0.87,-0.97,-0.94,-0.94,-0.89,-0.97,-18.28,-28.39,-23.7,-18.2,-18.19,-18.35,-18.29,-18.36,-18.3,-18.29,-18.26,-18.26,-7.32,-7.37,-3.21,-7.32,-7.31,-7.31
2040-05-28,-7.35,-7.38,-7.32,-7.39,-7.32,-7.32,-17.1,-33.13,-33.09,-31.24,-17.35,-17.05,-17.01,-17.05,-17.24,-17.22,-17.21,-17.2,-14.89,-11.57,-5.72,-10.19,-11.56,-11.64
2040-05-29,-11.73,-11.68,-11.57,-11.55,-11.55,-11.7,-19.32,-27.99,-27.96,-26.28,-19.53,-19.24,-19.23,-19.32,-19.33,-19.37,-19.31,-19.46,-12.25,-11.34,3.46,-4.37,-11.3,-11.28
2040-05-30,-11.32,-11.26,-11.26,-11.31,-11.3,-11.27,-11.33,-11.34,-11.32,-11.35,-12.06,-12.07,-12.07,-12.07,-12.07,-11.28,-11.26,-0.33,11.38,11.51,14.89,11.44,11.5,11.43
2040-05-31,11.46,11.5,11.45,11.49,11.5,11.51,-2.45,-28.06,-28.03,-21.6,-15.47,-15.41,-15.41,-15.44,-15.57,-15.55,-15.55,-15.49,-9.97,-9.96,1.25,-5.66,-9.84,-9.96
2040-06-01,-9.81,-9.96,-9.96,-9.92,-9.94,-9.94,-9.9,-30.48,-30.47,-30.45,-27.86,-18.47,-18.05,-18.03,-17.87,-17.88,-17.97,-17.95,-17.93,-18.03,-8.48,-14.2,-17.9,-17.98
2040-06-02,-17.91,-17.89,-17.96,-17.89,-18.03,-18.03,-31.83,-31.72,-31.57,-31.56,-18.76,-18.04,-18.03,-18.0,-17.94,-18.01,-17.95,-17.98,-6.97,3.52,7.56,3.55,3.54,3.54
2040-06-03,3.54,3.48,3.54,3.48,3.55,3.53,-1.93,-22.8,-22.62,-18.9,-12.07,-12.06,-12.09,-12.06,-12.06,-12.09,-12.28,-11.43,-1.18,-1.13,4.08,-1.25,-1.24,-1.2
2040-06-04,-1.18,-1.16,-1.12,-1.21,-1.14,-2.0,-30.78,-30.53,-24.48,-23.97,-23.98,-24.15,-24.09,-23.98,-24.06,-24.06,-24.04,-24.05,-24.03,-24.04,-23.0,-23.98,-23.99,-23.99
2040-06-05,-24.11,-23.99,-24.16,-24.11,-24.1,-24.01,-24.11,-24.16,-24.02,-24.1,-24.08,-24.02,-24.09,-24.02,-24.03,-24.02,-24.04,-24.13,-24.02,-21.37,-21.36,-21.4,-21.35,-21.38
2040-06-06,-21.36,-21.39,-21.36,-21.39,-21.36,-21.36,-21.42,-21.42,-21.36,-21.37,-21.35,-21.45,-21.47,-21.36,-21.45,-21.37,-21.47,-21.37,-5.47,2.76,7.99,2.76,2.69,2.76
2040-06-07,2.7,2.7,2.7,2.77,2.72,2.77,-12.65,-36.31,-36.2,-36.0,-26.0,-14.43,-14.62,-14.64,-14.59,-14.62,-14.59,-14.57,-14.59,-11.09,-8.36,-11.1,-11.06,-11.07
2040-06-08,-11.06,-11.11,-11.02,-11.02,-11.07,-11.04,-11.13,-30.23,-30.05,-29.93,-18.1,-15.94,-16.16,-16.12,-16.03,-15.99,-16.14,-16.07,-10.59,-4.3,-4.3,-4.31,-4.36,-4.31
2040-06-09,-4.36,-4.32,-4.3,-4.32,-4.3,-4.35,-4.31,-24.39,-24.31,-16.51,-15.39,-15.37,-15.55,-15.53,-15.41,-15.5,-15.49,-15.46,-1.69,-1.61,6.55,2.14,-1.66,-1.62
2040-06-10,-1.66,-1.67,-1.6,-1.6,-1.69,-1.62,-25.98,-25.74,-22.85,-22.13,-22.09,-22.1,-22.31,-22.11,-22.29,-22.29,-22.2,-22.2,-22.22,-13.96,-6.51,-5.38,-7.39,-13.72
2040-06-11,-13.92,-13.8,-13.8,-13.82,-13.94,-13.85,-35.34,-35.22,-35.02,-32.92,-14.27,-14.03,-13.9,-13.84,-13.93,-13.98,-13.99,-14.06,1.6,20.78,20.63,20.63,20.75,20.78
2040-06-12,20.78,20.66,20.77,20.67,20.66,20.75,20.76,4.66,-0.18,0.03,-10.54,-10.53,-10.54,-10.53,-10.54,-5.99,4.52,10.64,36.61,36.61,36.62,36.61,36.62,36.51
2040-06-13,36.51,36.6,36.5,36.59,36.61,36.49,36.59,15.79,-9.65,-9.55,-4.85,-10.54,-10.53,-10.54,-10.54,-3.15,8.83,8.72,11.49,11.88,15.46,11.9,11.96,11.97
2040-06-14,11.97,11.82,11.84,11.87,11.83,11.87,6.78,-18.22,-18.05,-14.86,-14.2,-14.09,-13.99,-14.0,-14.01,-14.13,-14.03,-14.09,7.69,8.27,17.53,8.16,8.2,8.23
2040-06-15,8.17,8.22,8.24,8.18,8.23,8.25,8.24,-9.03,-11.41,-11.19,-10.53,-10.54,-10.54,-10.54,-10.53,-10.53,-9.14,-9.12,-4.24,-4.24,6.05,0.06,-4.16,-4.16
2040-06-16,-4.16,-4.16,-4.16,-4.21,-4.17,-4.16,-4.27,-27.48,-26.61,-17.93,-17.78,-17.77,-17.75,-17.84,-17.82,-17.96,-17.96,-17.79,-17.95,-16.77,-13.58,-16.53,-16.76,-16.76
2040-06-17,-16.76,-16.86,-16.95,-16.8,-16.95,-16.9,-24.41,-24.32,-21.34,-20.73,-20.58,-20.73,-20.66,-20.72,-20.67,-20.73,-20.65,-20.63,-17.14,8.22,8.24,8.24,8.3,8.16
2040-06-18,8.2,8.22,8.23,8.22,8.24,8.25,8.22,-7.77,-24.12,-24.11,-23.9,-10.53,-10.53,-10.53,-10.53,-10.53,-10.12,-7.9,10.33,28.18,28.12,28.19,28.06,28.13
2040-06-19,28.17,28.07,28.14,28.16,28.15,28.08,28.15,13.19,-15.0,-14.84,-11.12,-10.13,-10.13,-10.12,-10.15,-5.71,12.78,13.27,28.41,36.4,36.42,36.29,36.31,36.36
2040-06-20,36.37,36.29,36.38,36.38,36.38,36.27,36.27,13.91,-10.56,-10.15,-10.13,-10.13,-10.13,-10.15,-10.15,-6.32,10.56,10.49,24.64,24.55,27.7,24.58,24.62,24.59
2040-06-21,24.58,24.6,24.61,24.63,24.61,24.62,24.54,11.09,-7.5,-7.46,-10.13,-10.13,-10.12,-10.12,-10.12,-3.41,2.46,2.26,27.23,30.05,32.36,29.99,30.01,29.98
2040-06-22,30.05,29.99,30.06,29.97,30.04,30.06,26.46,7.99,-14.44,-14.24,-10.12,-10.12,-10.13,-10.13,-10.13,-10.13,-7.68,-7.73,-7.75,-5.21,10.53,8.14,-2.97,-5.23
2040-06-23,-5.2,-5.2,-5.2,-5.21,-5.29,-5.29,-5.44,-25.34,-25.17,-24.97,-22.28,-10.13,-10.13,-10.12,-10.15,-10.15,-5.34,-5.56,7.47,15.44,22.66,17.93,15.36,15.42
2040-06-24,15.43,15.44,15.35,15.42,15.42,15.3,14.89,-5.05,-29.28,-29.24,-27.29,-10.12,-10.12,-10.14,-10.35,-10.12,-10.13,-4.96,-5.01,-1.22,8.35,3.61,-1.16,-1.1
2040-06-25,-1.17,-1.1,-1.09,-1.14,-1.19,-1.11,-12.26,-33.81,-33.59,-33.39,-32.94,-12.84,-12.27,-12.23,-12.29,-12.43,-12.25,-12.32,-12.31,1.42,1.43,1.41,1.4,1.34
2040-06-26,1.42,1.4,1.34,1.41,1.43,1.36,1.34,-20.15,-20.02,-19.86,-13.68,-10.12,-10.13,-10.12,-10.13,-10.13,-3.61,-3.81,24.08,24.63,30.02,25.4,24.6,24.64
2040-06-27,24.59,24.59,24.64,24.63,24.65,24.64,15.18,-7.37,-16.9,-16.9,-15.66,-10.12,-10.12,-10.12,-10.13,-10.13,-7.29,-7.31,15.98,33.97,35.3,34.05,34.04,33.91
2040-06-28,34.03,34.02,33.96,33.98,33.9,34.02,33.14,9.2,-10.24,-9.65,-10.12,-10.13,-10.13,-10.12,-10.12,-7.72,9.3,9.16,23.74,35.03,35.03,35.04,35.06,35.03
2040-06-29,35.03,35.05,35.07,35.04,35.05,35.08,33.37,11.95,1.29,1.58,-1.39,-10.13,-10.13,-10.12,-10.13,2.36,12.03,11.9,26.79,26.79,38.24,30.01,26.83,26.88
2040-06-30,26.88,26.72,26.74,26.8,26.73,26.78,14.95,-7.84,-15.55,-7.75,-10.12,-10.12,-10.13,-10.13,-10.13,-10.13,-7.75,-7.81,-4.07,6.18,18.43,7.7,-2.25,-4.15
2040-07-01,-4.13,-4.1,-4.07,-4.08,-4.07,-4.16,-21.36,-28.64,-22.01,-21.27,-21.28,-21.36,-21.39,-21.36,-21.41,-21.42,-21.32,-21.44,-21.43,-21.33,-18.2,-21.33,-21.45,-21.44
2040-07-02,-21.33,-21.45,-21.38,-21.45,-21.37,-21.37,-29.71,-25.11,-21.41,-21.4,-21.35,-21.4,-21.36,-21.4,-21.44,-21.37,-21.58,-21.36,-14.93,-15.0,1.43,-2.93,-11.07,-14.84
2040-07-03,-14.9,-14.91,-14.85,-14.97,-14.91,-15.01,-34.48,-34.31,-34.31,-34.3,-18.0,-14.92,-14.92,-15.13,-15.12,-15.11,-15.02,-15.03,-9.56,-7.52,5.24,0.33,-4.86,-7.55
2040-07-04,-7.54,-7.56,-7.53,-7.53,-7.61,-7.55,-10.75,-31.1,-30.9,-30.73,-20.94,-10.86,-10.67,-10.86,-10.86,-10.85,-10.83,-10.67,-7.87,-7.82,9.86,4.25,-4.22,-7.83
2040-07-05,-7.89,-7.82,-7.82,-7.83,-7.83,-7.83,-14.82,-25.41,-25.29,-23.33,-14.77,-14.73,-14.86,-14.75,-14.86,-14.84,-14.75,-14.93,-1.9,1.21,16.2,6.31,-1.81,-1.78
2040-07-06,-1.75,-1.76,-1.75,-1.75,-1.91,-1.83,-1.89,-21.45,-21.26,-17.48,-10.12,-10.12,-10.13,-10.13,-10.13,-2.92,-1.83,-1.19,12.14,12.15,22.8,16.73,12.19,12.19
2040-07-07,12.1,12.17,12.1,12.11,12.12,12.17,1.03,-19.64,-19.5,-14.77,-14.65,-14.59,-14.46,-14.61,-14.59,-14.65,-14.59,-14.68,-12.64,-12.61,1.79,-0.91,-7.07,-12.68
2040-07-08,-12.6,-12.63,-12.61,-12.6,-12.65,-12.64,-22.32,-22.27,-20.72,-20.35,-20.35,-20.49,-20.49,-20.44,-20.5,-20.42,-20.41,-20.42,-17.52,-13.82,-6.75,-12.58,-13.7,-13.86
2040-07-09,-13.79,-13.71,-13.85,-13.74,-13.85,-13.74,-21.6,-21.44,-16.77,-16.31,-16.09,-16.3,-16.14,-16.27,-16.18,-16.27,-16.25,-16.19,4.83,11.74,15.93,11.81,11.74,11.81
2040-07-10,11.82,11.76,11.82,11.82,11.76,11.82,11.81,-1.1,0.19,11.18,11.8,11.75,11.66,11.8,11.74,11.57,11.8,11.79,31.13,38.39,43.04,38.32,38.31,38.38
2040-07-11,38.39,38.38,38.3,38.37,38.29,38.38,38.37,16.33,16.67,16.9,17.49,17.3,17.45,17.3,17.3,17.32,17.42,17.36,40.72,40.77,51.99,42.08,40.81,40.79
2040-07-12,40.8,40.75,40.8,40.8,40.8,40.81,34.71,12.23,12.4,18.22,18.21,18.21,18.21,18.22,18.22,20.37,26.55,32.25,35.8,38.56,45.33,35.81,35.76,35.8
2040-07-13,35.76,35.81,35.74,35.75,35.76,35.82,35.8,23.08,23.37,23.84,18.22,18.22,18.22,18.21,24.0,23.88,23.88,23.76,23.83,23.82,32.39,26.17,23.83,23.83
2040-07-14,23.76,23.76,14.81,14.9,16.95,23.29,19.79,4.66,4.69,12.29,14.68,14.47,14.67,14.52,14.59,14.6,14.6,14.49,15.42,17.54,31.55,25.51,16.29,15.43
2040-07-15,15.41,15.43,15.41,15.28,15.3,15.43,6.28,7.74,8.97,9.43,9.5,9.42,9.48,9.38,9.38,9.43,9.45,9.43,9.46,13.01,25.18,17.82,9.34,9.41
2040-07-16,9.45,9.45,9.44,9.34,9.42,9.36,1.33,2.76,7.74,7.99,8.2,8.32,8.32,8.32,8.27,8.1,8.15,8.17,8.17,9.8,22.1,13.84,8.19,8.23
2040-07-17,8.24,8.25,8.27,8.2,8.26,8.18,8.21,8.2,8.22,8.27,8.25,8.27,8.25,8.24,8.17,8.25,8.21,20.93,30.92,30.84,36.35,30.92,30.92,30.85
2040-07-18,30.86,30.92,30.91,30.91,30.83,30.85,30.79,16.1,16.11,18.92,18.22,18.21,18.21,18.22,18.22,28.96,30.82,41.76,52.57,52.71,59.1,52.69,52.71,52.71
2040-07-19,52.71,52.64,52.71,52.71,52.72,52.56,52.65,32.84,28.41,28.46,24.8,21.11,29.59,18.22,28.48,28.47,28.48,28.49,28.49,28.71,35.72,28.48,28.49,28.48
2040-07-20,28.48,28.48,28.48,28.48,28.49,28.48,28.48,28.49,28.48,20.28,18.21,18.21,18.21,22.58,28.47,28.47,28.48,37.3,41.18,41.22,42.83,41.2,41.26,41.26
2040-07-21,41.19,41.19,41.25,41.26,41.19,41.26,41.25,27.06,17.64,17.77,18.68,18.22,18.21,18.21,18.21,24.65,27.02,30.47,47.59,47.6,57.21,52.01,47.6,47.64
2040-07-22,47.69,47.7,47.65,47.59,47.6,47.6,47.67,33.12,-0.28,4.25,17.82,18.55,18.21,18.5,18.22,18.33,18.35,18.37,18.38,18.5,20.04,18.44,18.47,18.44
2040-07-23,18.47,18.49,18.5,18.48,18.51,18.51,18.39,18.49,18.39,18.48,18.39,18.47,18.22,18.22,18.47,18.34,18.33,28.16,28.08,28.1,30.91,28.16,27.98,28.01
2040-07-24,28.11,28.13,28.15,28.16,28.17,28.01,28.05,11.55,12.29,18.21,18.22,18.19,18.21,18.2,18.19,20.48,20.34,20.19,23.74,23.82,32.3,24.6,23.76,23.77
2040-07-25,23.77,23.79,23.82,23.79,23.84,23.78,23.83,1.03,1.24,1.45,1.55,1.71,1.92,2.01,16.07,23.0,23.07,22.95,23.02,25.92,31.42,22.96,22.96,22.92
2040-07-26,22.94,22.97,23.02,22.91,22.91,23.01,22.93,9.58,11.94,18.21,18.21,18.22,18.22,18.19,18.2,23.0,22.8,34.73,37.95,37.9,39.22,37.97,37.98,37.84
2040-07-27,37.85,37.9,37.93,37.96,37.96,37.96,37.96,18.72,18.89,20.83,18.21,18.22,18.21,18.21,18.22,25.32,27.32,31.47,37.47,37.46,37.47,37.47,37.51,37.53
2040-07-28,37.53,37.43,37.51,37.44,37.34,37.37,37.35,30.61,18.81,25.79,18.22,18.21,18.21,18.21,26.91,26.74,26.7,26.56,26.44,26.33,26.24,26.22,26.03,26.01
2040-07-29,25.91,25.73,25.78,25.63,25.73,25.61,25.73,21.44,23.01,18.22,18.21,18.21,18.21,23.37,19.28,25.58,25.39,32.25,42.16,42.08,44.89,42.08,41.99,42.07
2040-07-30,42.17,42.07,42.16,42.16,42.11,42.06,41.31,18.71,19.09,18.22,18.22,18.21,18.21,18.21,20.57,28.64,28.49,30.83,46.84,46.85,48.07,46.94,46.98,46.97
2040-07-31,46.97,46.82,46.82,46.88,46.96,46.97,46.98,38.23,16.6,22.37,18.22,18.21,18.22,23.3,18.22,23.88,23.67,23.47,22.27,32.08,27.19,22.33,22.36,22.27
2040-08-01,22.34,22.19,22.35,22.35,22.29,22.23,22.17,7.4,21.39,18.21,18.21,18.22,18.22,18.21,18.21,22.19,22.05,32.42,32.48,33.85,32.5,32.51,32.43,32.51
2040-08-02,32.52,32.52,32.42,32.52,32.51,32.41,32.43,22.95,28.93,19.04,18.21,18.22,18.22,18.21,18.57,32.5,32.32,32.86,37.7,37.62,37.81,37.64,37.69,37.62
2040-08-03,37.68,37.64,37.68,37.7,37.63,37.63,37.7,27.08,30.87,23.12,18.21,18.22,18.22,18.21,18.22,32.17,32.0,31.8,31.74,38.23,33.51,31.06,31.01,31.06
2040-08-04,31.07,31.05,30.94,30.96,30.98,30.98,31.06,27.88,31.0,25.5,18.22,18.21,26.55,18.22,26.3,30.96,30.86,37.1,44.16,44.15,44.16,44.1,44.15,44.15
2040-08-05,44.02,44.07,44.07,44.08,44.08,44.16,44.1,19.95,20.27,26.14,18.38,18.22,18.21,20.27,29.19,40.13,40.06,43.95,43.88,43.91,43.95,43.96,43.97,43.97
2040-08-06,43.87,43.87,43.95,43.95,43.84,43.85,43.85,25.03,1.35,1.57,1.62,1.71,1.8,1.93,4.66,24.66,25.01,25.02,25.05,32.92,25.36,24.93,24.94,25.02
2040-08-07,25.09,25.03,25.01,24.89,24.93,25.0,25.03,25.02,25.01,25.03,24.89,18.22,23.27,18.21,18.22,24.96,24.98,35.55,35.56,35.48,35.46,35.54,35.54,35.48
2040-08-08,35.52,35.55,35.51,35.48,35.49,35.48,35.49,35.54,35.55,35.5,18.21,19.44,18.21,23.82,30.98,35.52,35.55,41.23,41.08,51.07,49.02,41.17,41.17,41.11
2040-08-09,41.18,41.23,41.2,41.2,41.23,41.11,41.11,32.19,8.97,12.51,15.41,15.89,15.84,15.77,15.78,15.8,15.79,15.83,15.76,29.27,26.22,15.86,15.73,15.78
2040-08-10,15.76,15.8,15.81,15.75,15.81,15.78,15.81,4.79,10.67,15.68,15.82,15.71,15.74,15.8,15.75,15.79,15.75,28.28,36.75,42.04,37.96,36.7,36.76,36.69
2040-08-11,36.75,36.73,36.75,36.72,36.77,36.76,36.77,25.44,14.52,3.29,13.17,14.62,14.61,14.62,14.61,14.48,14.47,14.57,14.51,15.79,17.83,14.52,14.55,14.56
2040-08-12,14.55,14.55,13.28,12.18,12.33,13.37,10.51,-9.52,-9.31,-9.21,-9.0,-8.82,-8.67,4.42,10.43,10.57,10.58,10.59,10.45,10.58,10.4,10.43,10.44,10.44
2040-08-13,10.52,10.43,10.41,10.44,10.45,10.49,10.5,10.52,10.45,10.4,10.49,10.39,10.39,10.38,10.48,10.48,10.4,28.58,36.47,36.45,36.42,36.43,36.48,36.41
2040-08-14,36.46,36.46,36.42,36.47,36.43,36.48,36.47,36.09,14.71,20.13,18.21,18.21,18.22,18.21,18.22,18.21,34.1,36.19,38.16,38.17,38.07,38.08,38.1,38.1
2040-08-15,38.11,38.16,38.18,38.16,38.16,38.08,38.07,29.12,7.78,9.48,18.21,18.22,18.21,18.19,18.19,17.98,29.21,29.15,33.76,38.77,35.42,33.76,33.77,33.69
2040-08-16,33.68,33.7,33.73,33.72,33.73,33.75,33.76,16.24,11.83,14.94,16.33,16.33,16.33,16.15,16.16,16.3,16.16,16.28,29.28,34.28,35.43,29.25,29.28,29.34
2040-08-17,29.27,29.28,29.34,29.32,29.34,29.22,29.21,12.29,12.72,13.67,14.09,14.16,14.05,14.0,14.14,13.98,14.06,14.08,21.8,26.96,24.46,21.93,21.92,21.92
2040-08-18,21.93,21.87,21.92,21.86,21.92,21.92,21.92,18.46,-2.41,-2.23,14.62,18.22,18.21,18.22,18.21,18.21,18.55,18.5,30.6,30.59,30.62,30.54,30.6,30.55
2040-08-19,30.61,30.58,30.55,30.6,30.6,30.55,30.56,16.75,10.64,15.02,16.85,16.85,16.82,16.83,16.83,16.65,16.73,18.51,42.91,43.48,43.67,42.93,42.8,42.81
2040-08-20,42.82,42.88,42.95,42.95,42.89,42.95,42.94,24.2,6.08,6.34,18.22,18.22,18.21,18.22,18.2,18.2,24.28,24.08,44.39,44.39,44.46,44.47,44.37,44.41
2040-08-21,44.4,44.35,44.31,44.35,44.38,44.36,44.35,36.12,17.53,24.07,18.21,18.22,18.22,18.22,18.22,25.43,25.42,25.32,25.21,27.5,24.14,23.99,24.05,23.98
2040-08-22,24.01,24.05,24.0,24.01,23.9,23.9,23.93,13.21,13.21,13.51,13.49,13.5,13.47,13.5,13.51,13.39,13.48,13.51,16.09,29.12,25.48,16.04,16.08,16.09
2040-08-23,16.05,16.02,15.94,15.99,16.09,15.99,15.99,9.25,11.28,15.41,16.08,16.05,15.88,15.91,15.88,15.89,15.97,19.61,26.88,36.7,30.64,26.98,26.91,26.92
2040-08-24,26.99,26.92,26.91,26.99,26.98,26.99,26.93,20.09,20.09,18.92,18.21,18.21,18.21,18.21,18.22,20.75,20.66,28.74,29.44,41.79,39.48,29.46,29.39,29.37
2040-08-25,29.42,29.39,29.35,29.37,29.35,29.41,29.37,17.23,22.8,18.21,18.21,18.22,18.21,18.22,19.11,29.43,29.37,30.39,35.66,39.52,36.1,35.68,35.64,35.65
2040-08-26,35.68,35.62,35.69,35.69,35.64,35.7,35.69,24.66,23.0,21.35,18.22,18.22,18.21,18.21,18.21,21.09,24.74,35.03,42.09,44.91,42.09,42.1,41.95,42.02
2040-08-27,42.04,42.1,42.06,42.09,42.04,42.02,42.1,21.49,13.7,18.21,18.21,18.22,18.19,18.19,18.19,18.19,21.58,21.57,21.39,25.82,23.94,19.52,19.39,19.51
2040-08-28,19.42,19.4,19.48,19.41,19.48,19.46,19.36,9.98,-2.74,-0.42,9.41,10.07,10.07,9.96,9.86,9.91,9.93,10.02,9.92,23.74,18.75,10.68,9.98,9.97
2040-08-29,9.93,10.02,9.9,10.0,9.91,9.99,9.9,-3.35,-3.22,5.21,9.98,9.98,9.96,9.95,9.85,9.96,9.93,9.93,18.33,24.22,21.59,18.36,18.44,18.44
2040-08-30,18.45,18.33,18.37,18.34,18.36,18.42,18.32,6.49,6.65,13.49,13.92,13.71,13.74,13.84,13.83,13.74,13.83,16.9,20.68,31.1,30.98,24.08,20.73,20.65
2040-08-31,20.66,20.74,20.74,20.61,20.7,20.71,20.63,1.34,1.55,4.1,14.22,14.33,14.3,14.28,14.14,14.17,14.31,14.31,30.45,36.63,32.1,30.43,30.46,30.47
2040-09-01,30.46,30.47,30.43,30.46,30.47,30.45,30.47,16.86,4.97,5.84,15.94,15.95,15.94,15.93,15.94,15.72,16.94,16.73,28.83,40.54,36.16,29.07,28.74,28.74
2040-09-02,28.75,28.79,28.82,28.83,28.79,28.81,28.82,15.05,-8.81,-8.69,-8.55,-8.4,8.91,13.08,13.26,13.29,13.26,13.27,13.1,13.15,13.26,13.28,13.26,13.15
2040-09-03,13.17,13.15,13.22,13.24,13.21,13.14,12.65,-4.67,-4.58,-4.41,10.51,12.74,12.74,12.62,12.69,12.71,12.69,12.52,30.72,30.68,30.74,30.68,30.72,30.75
2040-09-04,30.74,30.73,30.73,30.75,30.61,30.69,30.73,13.99,12.46,13.52,14.07,14.08,14.05,13.9,14.0,14.07,13.85,19.88,43.93,45.08,43.93,43.84,43.86,43.83
2040-09-05,43.9,43.79,43.92,43.83,43.83,43.85,43.87,34.32,4.51,8.0,15.95,15.95,15.94,15.94,15.94,15.95,28.25,28.23,28.12,36.99,30.56,27.91,27.9,27.96
2040-09-06,27.9,27.91,27.93,27.92,27.92,27.95,27.97,17.52,17.54,23.69,15.94,15.95,15.94,15.94,15.94,24.78,27.86,41.57,47.99,49.06,47.94,47.93,47.97,47.98
2040-09-07,47.92,47.95,47.97,47.95,47.96,47.95,47.99,33.82,11.44,11.62,15.95,15.95,15.94,15.94,15.95,15.94,30.02,29.97,43.61,45.45,43.55,43.57,43.58,43.62
2040-09-08,43.56,43.62,43.63,43.57,43.61,43.58,43.61,29.68,2.19,-7.81,-7.6,-7.43,-7.3,-7.1,-2.68,2.13,2.15,2.16,2.24,2.05,2.07,2.21,2.09,-0.55
2040-09-09,-8.78,-8.56,-8.39,-3.42,-0.62,-0.62,-2.57,-1.5,-1.27,-0.99,-0.77,-0.72,-0.7,-0.67,-0.77,-0.75,-0.7,-0.67,-0.82,-0.8,-0.8,-0.79,-0.75,-0.82
2040-09-10,-0.8,-0.8,-0.78,-0.77,-0.78,-0.75,-0.73,-0.82,-0.74,-0.82,-0.79,-0.76,-0.81,-0.74,-0.74,-0.76,-0.84,-0.75,4.38,4.32,4.36,4.31,4.34,4.35
2040-09-11,4.3,4.36,4.37,4.26,4.34,4.28,4.3,4.32,4.28,4.29,4.29,4.32,4.35,4.31,4.34,4.27,4.35,4.25,18.37,18.38,18.41,18.41,18.4,18.42
2040-09-12,18.41,18.38,18.33,18.41,18.28,18.41,18.31,9.18,10.29,12.59,12.87,12.98,12.96,12.78,12.79,12.83,12.79,12.85,42.91,42.88,42.75,42.77,42.79,42.76
2040-09-13,42.81,42.77,42.8,42.81,42.83,42.74,42.74,33.56,4.39,7.16,15.95,15.94,15.94,15.94,15.95,15.94,33.64,33.49,35.63,36.96,35.63,35.64,35.67,35.7
2040-09-14,35.68,35.64,35.63,35.69,35.66,35.69,35.69,26.34,-2.42,-2.22,15.94,15.94,15.94,15.95,15.94,15.95,15.94,26.36,33.68,33.56,33.69,33.6,33.6,33.68
2040-09-15,33.59,33.6,33.62,33.67,33.67,33.64,33.61,18.33,-10.51,-10.28,-10.19,-9.97,-9.86,-9.63,6.22,15.94,15.95,17.89,17.79,17.74,17.61,17.43,17.25,17.24
2040-09-16,17.11,17.1,17.03,13.42,14.26,15.93,15.76,-5.27,-5.23,-4.04,15.68,15.79,15.69,15.7,15.69,15.71,15.69,15.69,29.29,29.3,29.18,29.2,29.3,29.21
2040-09-17,29.23,29.3,29.19,29.18,29.18,29.18,29.18,19.28,-1.25,-0.84,15.95,15.95,15.94,15.94,15.94,15.94,19.37,19.35,27.07,27.12,27.13,27.13,27.12,27.14
2040-09-18,27.06,27.12,27.02,27.07,27.01,27.03,27.09,27.09,26.83,17.46,15.95,15.94,15.95,15.95,15.94,15.95,27.07,39.3,46.4,47.14,46.43,46.43,46.42,46.36
2040-09-19,46.42,46.35,46.37,46.43,46.35,46.38,46.36,46.43,46.35,46.4,36.54,37.73,17.97,34.24,41.09,44.14,46.33,46.41,46.35,46.34,46.43,46.42,46.42,46.34
2040-09-20,46.34,46.34,46.37,46.35,46.4,46.41,46.32,43.66,20.71,18.13,15.95,15.94,15.95,15.95,15.95,15.94,20.81,20.8,20.79,29.65,22.62,18.2,18.2,18.21
2040-09-21,18.21,18.2,18.2,18.2,18.22,18.15,18.14,10.22,10.42,10.78,15.94,15.95,15.92,15.95,15.72,15.92,18.21,40.71,44.37,45.84,44.32,44.29,44.33,44.33
2040-09-22,44.26,44.29,44.34,44.19,44.21,44.35,44.18,42.05,21.7,20.01,18.36,15.95,15.95,20.44,15.95,21.79,21.73,21.71,21.7,21.55,21.39,21.31,21.26,21.14
2040-09-23,21.09,20.92,20.77,20.76,20.74,20.72,20.71,14.43,-11.53,-11.33,-11.3,-11.1,-10.89,-10.86,-10.71,-5.97,10.93,11.37,11.4,11.23,11.23,11.27,11.34,11.38
2040-09-24,11.35,11.33,11.35,11.26,11.31,11.21,11.24,2.02,6.56,11.27,11.23,11.14,11.26,11.19,11.25,11.12,11.15,22.64,39.52,39.45,39.45,39.46,39.48,39.52
2040-09-25,39.53,39.47,39.53,39.46,39.52,39.47,39.46,39.52,35.66,27.55,15.94,15.95,15.94,15.95,15.95,34.8,37.49,37.48,37.29,42.54,38.65,35.74,35.74,35.73
2040-09-26,35.75,35.74,35.73,35.73,35.74,35.74,35.69,25.7,-10.95,-10.9,-10.72,-10.6,1.72,15.94,15.95,15.95,20.51,20.31,20.21,20.18,20.18,20.06,19.91,19.85
2040-09-27,19.67,19.47,19.35,19.2,19.12,19.01,18.89,18.73,11.62,11.75,15.92,15.92,15.93,15.92,15.93,15.92,15.76,38.25,43.9,48.57,44.88,43.93,43.95,44.05
2040-09-28,43.95,44.04,43.91,43.89,43.97,43.99,44.0,28.53,21.85,15.95,15.95,15.94,15.95,15.95,15.95,23.33,28.62,49.85,52.33,57.48,50.98,51.02,50.98,51.03
2040-09-29,51.04,51.04,50.98,50.89,50.98,51.02,50.94,41.17,15.43,25.08,15.95,15.95,15.94,15.95,15.94,36.75,36.63,36.59,36.56,36.56,36.44,36.42,36.3,36.19
2040-09-30,36.05,36.0,35.89,27.38,27.33,27.2,27.19,13.96,-9.3,-9.1,-8.99,-8.83,-8.62,-8.6,-8.46,1.73,13.94,13.96,13.96,14.0,13.94,13.87,13.95,13.86
2040-10-01,7.03,1.72,1.73,1.89,1.93,2.43,2.41,2.04,2.35,2.37,2.42,2.35,2.37,2.42,2.35,2.38,2.38,2.4,3.77,6.94,2.4,2.35,2.41,2.39
2040-10-02,2.36,2.38,2.41,2.41,2.42,2.37,2.41,-6.83,-4.84,-0.14,0.21,0.48,0.53,0.53,0.45,0.38,0.39,0.43,0.4,0.38,0.47,0.4,0.44,0.41
2040-10-03,0.45,0.39,0.45,0.4,0.41,0.41,0.46,0.42,0.47,0.41,0.46,0.46,0.46,0.47,0.47,0.46,0.46,23.29,32.05,32.91,28.72,23.34,23.29,23.31
2040-10-04,23.33,23.35,23.35,23.29,23.35,23.33,23.34,14.49,14.4,14.53,14.58,14.58,14.55,14.57,14.57,14.56,14.57,34.47,43.56,43.49,43.54,43.56,43.55,43.55
2040-10-05,43.47,43.55,43.46,43.53,43.49,43.46,43.53,35.49,16.59,18.06,15.95,15.94,15.95,15.94,15.94,19.61,35.58,42.99,45.29,45.38,45.21,45.25,45.3,45.3
2040-10-06,45.19,45.19,45.16,45.23,45.24,45.27,45.19,41.85,15.77,16.2,15.95,15.94,15.95,15.95,15.95,15.95,17.47,17.31,24.46,23.56,18.66,16.2,16.19,16.17
2040-10-07,16.2,16.2,16.15,16.2,16.2,16.15,16.17,-14.92,-10.7,-4.42,-4.2,-3.75,-3.7,-3.66,-3.77,-3.84,-3.7,-3.79,-3.79,-3.76,-3.72,-3.79,-3.74,-3.81
2040-10-08,-3.78,-3.78,-3.73,-3.73,-3.79,-3.76,-3.79,-3.73,-3.79,-3.77,-3.75,-3.75,-3.74,-3.73,-3.72,-3.72,-3.72,-3.72,-3.73,-3.73,-3.73,-3.73,-3.73,-3.75
2040-10-09,-3.74,-3.76,-3.74,-3.73,-3.72,-3.73,-3.73,-3.81,-3.73,-3.86,-3.84,-3.79,-3.73,-3.76,-3.75,-3.85,-1.76,31.26,40.0,40.01,39.93,39.94,39.95,40.0
2040-10-10,39.92,39.95,39.92,39.94,39.97,39.99,39.9,39.76,15.41,20.78,15.94,15.95,15.94,15.94,15.95,16.51,39.85,43.2,43.54,43.48,43.58,43.56,43.56,43.58
2040-10-11,43.42,43.55,43.57,43.39,43.43,43.45,43.41,41.31,6.82,14.89,15.94,15.95,15.72,15.92,15.94,16.52,39.21,39.07,38.91,38.74,38.74,38.74,38.66,38.73
2040-10-12,38.72,38.66,38.66,38.64,38.73,38.68,38.72,38.6,14.44,17.07,15.95,15.95,15.95,15.95,15.95,19.23,38.67,41.5,46.24,44.45,41.59,41.57,41.57,41.58
2040-10-13,41.49,41.54,41.56,41.57,41.54,41.58,41.56,36.73,17.39,15.95,15.95,15.94,15.94,15.95,15.94,24.73,36.81,36.8,41.7,38.14,35.99,35.99,35.92,35.99
2040-10-14,36.0,35.98,35.94,35.99,35.97,35.97,35.98,35.9,10.08,17.7,15.95,15.94,15.95,15.94,15.94,15.95,19.61,19.39,19.33,19.16,19.08,18.95,18.82,18.72
2040-10-15,18.58,18.39,18.21,18.18,18.24,18.26,18.14,18.11,18.14,-3.85,-2.43,13.72,13.87,13.88,13.92,13.85,13.7,13.87,13.91,13.8,13.75,13.86,13.88,13.89
2040-10-16,13.73,13.89,13.83,13.84,16.15,16.14,15.99,16.0,16.01,16.03,16.03,16.1,16.05,16.09,16.08,16.01,20.18,30.19,30.22,30.2,30.23,30.26,30.17,30.25
2040-10-17,30.25,30.26,30.26,30.08,30.14,30.17,30.24,30.16,22.64,-0.53,-0.31,-0.2,-0.18,0.01,0.07,9.41,22.49,22.43,26.81,24.6,22.42,22.41,22.36,22.49
2040-10-18,16.17,1.97,2.12,7.48,7.65,7.65,7.66,7.68,7.8,7.75,7.66,7.77,7.67,7.68,7.7,7.7,7.73,27.7,36.32,36.26,36.32,36.27,36.31,36.33
2040-10-19,36.28,36.31,36.25,36.3,36.28,36.27,36.3,36.19,23.1,30.57,15.94,15.95,15.94,15.95,15.95,24.3,36.19,44.82,44.82,44.88,44.82,44.83,44.87,44.84
2040-10-20,44.88,44.83,44.88,44.82,44.87,44.81,44.88,44.81,28.26,28.87,17.2,15.94,15.94,15.95,19.03,39.85,42.44,42.43,42.29,42.19,42.08,42.0,41.93,41.77
2040-10-21,41.62,41.58,41.47,41.42,41.31,41.29,41.28,40.34,18.59,23.28,15.94,15.94,15.95,15.94,15.95,20.93,28.85,39.0,39.03,39.06,39.0,39.06,39.0,39.06
2040-10-22,39.05,38.99,39.0,39.05,39.05,38.96,39.02,34.8,14.63,19.91,15.94,15.95,15.95,15.95,15.95,19.61,34.88,41.66,41.66,41.66,41.69,41.67,41.68,41.69
2040-10-23,41.67,41.7,41.69,41.73,41.69,41.69,41.73,41.75,26.42,-0.54,15.22,15.95,15.95,15.95,15.95,25.13,26.52,26.45,26.25,26.19,26.08,26.06,25.92,25.75
2040-10-24,25.73,25.63,25.62,25.58,25.46,25.45,25.4,25.35,11.84,12.11,12.48,12.82,12.84,12.82,12.67,12.67,12.74,12.83,12.71,12.75,12.82,12.65,12.82,12.71
2040-10-25,12.72,12.72,12.78,12.78,12.78,12.7,12.73,12.77,12.73,12.78,12.78,12.78,12.78,12.67,12.67,12.75,12.63,34.03,36.01,34.0,34.01,34.02,34.0,34.02
2040-10-26,34.02,34.02,34.02,33.91,34.02,33.99,34.02,34.01,13.44,-0.7,-0.57,4.73,13.41,13.54,13.45,13.37,13.39,13.35,13.41,13.41,13.43,13.41,13.41,8.88
2040-10-27,-3.4,-3.31,-0.36,5.39,5.93,5.93,5.91,5.91,5.77,5.83,5.84,5.85,5.86,5.9,5.9,5.88,5.81,5.89,9.65,9.7,9.73,9.66,9.66,9.66
2040-10-28,9.72,9.68,9.67,9.71,9.69,9.72,9.69,9.73,9.72,9.71,9.71,9.66,9.73,9.62,9.71,9.62,10.04,33.42,33.47,33.39,33.46,33.46,33.41,33.47
2040-10-29,33.46,33.34,33.4,33.43,33.45,33.34,33.33,20.53,1.94,13.69,15.95,15.95,15.94,15.95,15.95,15.94,20.62,28.68,33.43,33.45,33.45,33.44,33.45,33.45
2040-10-30,33.38,33.4,33.44,33.45,33.44,33.45,33.38,33.43,9.24,15.95,15.95,15.94,15.93,15.94,15.94,15.94,33.44,36.86,36.88,36.87,36.87,36.88,36.8,36.82
2040-10-31,36.86,36.87,36.8,36.88,36.79,36.85,36.81,36.86,36.88,33.02,15.94,15.94,15.95,15.95,15.95,36.7,36.76,38.47,41.86,38.56,38.43,38.45,38.52,38.47
2040-11-01,38.51,38.51,38.53,38.52,38.52,38.52,38.52,38.52,36.83,7.1,7.11,7.35,7.61,7.61,7.62,7.61,7.61,7.61,7.61,7.6,7.53,7.57,7.59,-1.11
2040-11-02,-1.09,-0.95,-0.93,2.09,2.61,4.62,4.57,4.57,-19.3,-19.2,-19.02,-18.89,-18.86,-18.73,-18.71,-18.56,2.31,4.33,4.19,4.19,4.25,4.27,4.19,4.2
2040-11-03,4.26,4.28,4.21,4.26,4.27,4.21,4.27,4.16,4.2,4.26,4.26,4.26,4.15,4.15,4.17,4.22,4.21,6.31,6.33,6.32,6.37,6.37,6.33,6.37
2040-11-04,6.37,6.38,6.32,6.37,6.33,6.31,6.37,6.34,6.37,6.38,6.34,6.38,6.37,6.38,6.27,6.36,6.36,28.58,28.75,28.75,28.75,28.63,28.63,28.62
2040-11-05,28.67,28.66,28.7,28.65,28.71,28.71,28.7,28.6,28.59,28.7,28.7,28.58,15.95,15.94,23.77,28.56,37.46,37.48,37.55,37.54,37.55,37.47,37.56,37.46
2040-11-06,37.55,37.54,37.55,37.47,37.47,37.52,37.55,37.55,37.55,37.54,37.55,28.48,15.94,15.95,19.42,36.07,37.55,37.47,37.55,37.48,37.48,37.54,37.54,37.48
2040-11-07,37.54,37.55,37.55,37.46,37.55,37.55,37.48,37.54,37.55,37.55,37.45,37.47,32.94,37.54,37.53,37.54,37.46,37.48,37.53,37.47,37.46,37.53,37.54,37.53
2040-11-08,37.45,37.53,37.52,37.44,37.45,37.45,37.53,37.45,37.52,25.37,30.2,35.41,24.59,26.51,34.52,35.58,35.39,35.3,35.4,35.24,35.24,35.26,35.28,35.32
2040-11-09,35.33,35.37,35.38,35.36,35.26,35.28,35.38,35.22,35.29,35.36,27.42,24.07,21.04,15.95,29.15,35.26,35.26,35.9,35.9,35.91,35.89,35.97,35.97,35.96
2040-11-10,35.86,35.94,35.95,35.98,35.84,35.9,35.89,35.9,21.31,-13.32,-13.15,-13.13,-6.61,1.35,1.83,1.63,1.82,1.79,1.82,1.71,1.75,1.69,1.71,1.71
2040-11-11,1.76,1.69,1.76,1.77,1.69,1.7,1.71,1.71,1.76,1.76,1.78,1.74,1.7,1.76,1.76,1.76,18.43,39.71,39.63,39.66,39.65,39.67,39.7,39.62
2040-11-12,39.6,39.61,39.63,39.71,39.6,39.62,39.68,39.64,33.36,24.93,15.94,15.94,15.94,15.95,15.95,23.05,39.68,42.39,42.37,42.41,42.36,42.4,42.33,42.34
2040-11-13,42.4,42.36,42.35,42.41,42.38,42.4,42.3,42.41,32.91,8.42,16.76,15.94,15.94,15.94,29.92,29.89,29.72,29.55,29.41,29.4,29.39,29.29,29.28,29.22
2040-11-14,22.09,20.87,17.29,17.22,17.13,17.01,16.81,14.31,-14.2,-11.81,13.69,14.39,14.36,14.18,14.21,14.37,14.31,14.28,14.25,14.35,14.27,14.28,14.29,14.25
2040-11-15,14.27,14.34,14.34,14.26,14.3,14.34,14.33,14.3,14.31,14.33,14.33,14.33,14.35,14.21,14.22,14.31,14.33,30.52,30.53,30.5,30.52,30.54,30.49,30.5
2040-11-16,30.47,30.53,30.5,30.48,30.49,30.54,30.49,30.54,27.53,23.92,15.94,15.95,15.94,15.94,15.95,15.94,29.04,28.88,36.31,31.04,27.6,27.6,27.6,27.61
2040-11-17,27.6,27.61,27.6,27.61,27.61,27.58,27.57,27.57,23.36,20.38,15.95,15.95,15.94,15.94,15.94,15.95,24.22,24.12,24.11,24.05,23.88,23.72,23.55,23.47
2040-11-18,23.46,23.45,23.46,23.44,23.46,23.46,23.44,23.45,14.38,15.95,15.94,15.95,15.95,15.94,15.94,15.94,23.45,24.29,24.29,24.29,24.29,24.3,24.15,24.16
2040-11-19,24.18,24.3,24.29,24.2,24.29,24.3,24.15,24.17,12.17,15.95,15.95,15.93,15.94,15.93,15.93,15.94,24.19,32.11,32.11,32.14,32.18,32.18,32.13,32.15
2040-11-20,32.18,32.19,32.19,32.18,32.18,32.14,32.11,32.11,32.18,32.04,24.5,15.95,15.95,15.94,15.95,26.29,32.14,42.09,42.14,42.11,42.07,42.15,42.08,42.13
2040-11-21,42.14,42.06,42.07,42.09,42.14,42.15,42.07,42.14,42.08,42.03,21.56,15.94,15.94,15.94,23.73,36.43,42.14,44.3,44.28,44.34,44.34,44.27,44.28,44.28
2040-11-22,44.33,44.33,44.28,44.31,44.35,44.29,44.33,44.27,44.26,44.26,44.3,31.67,35.2,37.26,44.29,44.31,44.32,44.34,44.28,44.33,44.34,44.26,44.3,44.27
2040-11-23,44.3,44.26,44.34,44.29,44.32,44.29,44.27,44.33,33.69,34.24,30.71,17.51,15.95,15.95,19.25,35.14,35.04,34.88,34.8,34.76,34.64,34.48,34.29,34.27
2040-11-24,34.26,34.16,34.2,34.22,34.22,34.22,34.15,34.22,22.46,4.46,4.74,12.72,13.1,13.15,13.17,13.21,13.12,13.15,13.18,13.2,13.11,13.09,13.13,13.12
2040-11-25,13.19,13.04,4.26,4.28,4.28,4.87,4.88,4.82,-11.52,-11.31,-11.28,-2.45,4.33,4.8,4.58,4.63,4.78,4.66,4.72,4.66,4.75,4.71,4.65,4.71
2040-11-26,4.64,4.73,4.73,4.73,4.66,4.69,4.66,4.72,4.73,4.65,4.67,4.71,4.72,4.65,4.73,4.58,4.61,25.09,25.16,25.07,25.15,25.16,25.09,25.16
2040-11-27,25.15,25.15,25.06,25.07,25.05,25.14,25.0,25.1,25.02,25.01,16.02,15.94,15.95,15.94,15.95,25.02,25.66,35.64,39.6,33.46,25.68,25.74,25.68,25.74
2040-11-28,25.75,25.74,25.75,25.68,25.74,25.74,25.59,25.74,17.55,-6.37,-6.3,-6.18,-5.28,7.21,7.91,7.93,7.99,7.99,7.97,7.86,7.9,7.91,7.91,7.84
2040-11-29,7.85,7.86,7.9,7.94,7.86,7.9,7.93,7.93,7.87,7.93,7.92,7.83,7.87,7.93,7.93,7.93,7.91,25.46,25.49,25.42,25.42,25.42,25.44,25.44
2040-11-30,25.48,25.48,25.49,25.49,25.38,25.42,25.37,25.44,24.44,-2.27,-1.17,2.62,3.35,3.22,3.21,3.2,3.21,3.21,3.22,3.29,3.23,3.27,3.27,3.18
2040-12-01,-1.67,-2.97,-2.76,-2.54,-2.37,-1.75,-1.64,-1.67,-1.82,-9.12,-2.52,-1.95,-1.81,-1.8,-1.83,-1.8,-1.97,-1.93,-1.93,-1.91,-1.94,-1.89,-1.97,-1.96
2040-12-02,-1.95,-1.9,-1.9,-1.97,-1.89,-1.89,-1.97,-1.97,-1.91,-1.93,-1.91,-1.95,-1.9,-1.91,-1.9,-1.94,-1.9,19.58,19.6,19.66,24.52,23.15,19.51,19.58
2040-12-03,19.59,19.53,17.81,7.92,8.06,11.62,15.08,16.49,-3.27,15.95,15.95,15.95,15.92,15.94,15.94,15.94,16.45,21.32,21.33,21.46,21.35,21.35,21.34,21.31
2040-12-04,21.39,21.36,21.31,21.33,21.34,21.34,21.34,21.33,21.36,21.32,15.94,15.95,15.94,15.95,15.95,15.94,21.31,40.65,40.66,40.66,40.68,40.66,40.66,40.74
2040-12-05,40.66,40.66,40.67,40.67,40.67,40.73,40.74,40.65,40.73,40.72,18.67,15.94,15.94,15.95,15.95,25.13,40.69,45.19,45.08,45.18,45.1,45.1,45.11,45.11
2040-12-06,45.16,45.17,45.17,45.09,45.16,45.17,45.07,45.08,45.08,40.45,31.15,15.94,15.95,15.95,15.94,31.57,44.48,44.35,44.19,44.16,43.99,43.82,43.76,43.63
2040-12-07,43.5,43.34,43.17,43.12,42.98,42.94,42.77,42.65,42.47,40.58,40.55,39.29,26.99,36.48,40.52,40.52,40.53,40.52,40.53,40.51,40.52,40.53,40.52,40.51
2040-12-08,40.53,40.51,40.52,40.51,40.51,40.51,40.52,40.52,40.47,34.85,34.57,26.2,16.24,15.94,17.25,34.93,34.76,34.75,34.74,34.72,34.69,34.68,34.68,34.67
2040-12-09,34.66,34.65,34.63,34.63,34.65,34.64,34.65,34.66,28.56,28.64,15.95,15.94,15.95,15.95,15.94,26.63,29.09,29.08,29.07,29.07,28.95,28.94,28.91,28.76
2040-12-10,28.74,28.74,28.74,28.66,28.65,28.65,28.63,28.63,28.64,28.64,18.23,15.94,15.94,15.95,15.95,27.18,28.63,46.46,46.45,46.37,46.44,46.4,46.39,46.45
2040-12-11,46.46,46.36,46.35,46.41,46.45,46.42,46.43,46.44,46.4,46.45,37.48,15.94,15.95,15.94,23.34,38.11,46.42,50.49,50.5,50.44,50.49,50.5,50.49,50.5
2040-12-12,50.43,50.46,50.47,50.49,50.49,50.5,50.42,50.47,50.47,50.48,26.19,15.95,15.95,15.94,15.94,35.14,50.48,50.5,50.48,50.49,50.49,50.49,50.5,50.48
2040-12-13,50.48,50.5,50.5,50.5,50.5,50.5,50.49,50.44,46.17,38.91,30.62,22.71,15.95,15.94,20.92,36.79,44.82,44.64,44.5,44.48,44.32,44.17,44.02,43.97
2040-12-14,43.87,43.72,43.71,43.6,43.49,43.36,43.17,43.01,42.97,42.77,42.69,42.67,22.01,15.95,18.44,34.3,38.99,44.12,44.13,44.11,44.11,44.0,44.12,44.01
2040-12-15,44.03,44.04,44.11,44.01,44.02,44.02,44.0,44.01,44.05,44.08,25.74,15.94,15.95,15.95,15.95,29.53,44.03,46.67,46.69,46.69,46.67,46.67,46.68,46.75
2040-12-16,46.7,46.67,46.67,46.67,46.74,46.67,46.68,46.74,46.65,30.21,30.28,28.94,30.83,30.62,30.42,30.42,30.32,30.31,30.3,30.3,30.3,30.3,30.3,30.28
2040-12-17,30.29,30.3,30.3,30.29,30.28,30.3,30.3,30.29,30.3,30.29,30.29,30.29,26.23,24.79,30.29,30.3,43.41,50.23,50.16,50.17,50.22,50.18,50.23,50.2
2040-12-18,50.22,50.23,50.24,50.18,50.22,50.13,50.23,50.14,50.09,50.09,50.11,47.52,41.99,46.45,49.21,50.21,50.35,50.26,50.35,50.34,50.28,50.34,50.34,50.27
2040-12-19,50.33,50.33,50.32,50.28,50.33,50.24,50.28,50.3,50.33,50.21,50.26,50.33,40.34,42.74,50.33,50.25,50.28,50.31,50.32,50.33,50.27,50.33,50.28,50.28
2040-12-20,50.3,50.32,50.33,50.32,50.33,50.29,50.32,50.28,50.32,38.91,42.98,41.43,25.76,24.37,39.64,49.05,49.0,48.87,48.68,48.5,48.41,48.25,48.1,48.07
2040-12-21,48.06,43.07,41.18,41.18,41.39,41.91,42.87,42.82,42.68,34.81,34.85,34.88,27.13,21.61,35.24,35.06,34.91,34.9,34.9,34.9,34.9,34.9,34.9,34.91
2040-12-22,34.89,34.9,34.9,34.86,34.87,34.87,34.91,34.9,34.89,34.9,34.9,34.89,34.87,25.63,21.33,34.89,34.89,34.9,34.89,34.89,34.88,34.9,34.89,34.86
2040-12-23,34.88,34.9,34.9,34.86,34.9,34.9,34.9,34.89,34.64,34.7,20.63,15.94,15.95,15.95,15.94,18.08,34.9,34.83,34.75,34.74,34.72,34.71,34.72,34.72
2040-12-24,34.72,34.72,34.73,34.71,34.72,34.73,34.73,34.72,34.72,14.32,22.7,15.94,15.94,15.95,15.95,24.9,24.7,24.53,24.35,24.33,24.18,24.03,23.98,23.81
2040-12-25,23.76,20.22,15.48,11.48,9.84,9.88,9.43,9.92,0.76,-19.64,-19.57,-19.45,-7.95,0.61,0.85,0.76,0.78,0.76,0.84,0.82,0.67,0.72,0.81,0.79
2040-12-26,0.77,0.78,0.79,0.8,0.69,0.75,0.72,0.75,0.73,0.76,0.78,0.74,0.77,0.76,0.78,0.67,20.3,20.27,22.02,21.83,20.33,20.29,20.3,20.33
2040-12-27,20.29,20.33,20.32,20.26,20.33,20.3,20.33,20.33,20.2,3.22,3.48,3.95,3.99,4.02,4.02,4.04,4.02,4.02,4.02,4.02,4.02,4.01,4.03,4.0
2040-12-28,4.0,4.03,4.01,4.01,4.01,4.0,4.02,4.02,4.01,4.02,4.02,4.02,4.01,4.02,4.01,4.01,4.02,4.02,4.02,4.01,4.03,4.02,4.02,4.03
2040-12-29,4.02,4.02,4.02,4.02,4.03,4.03,4.03,4.02,4.02,-5.23,-2.64,3.48,4.02,4.03,4.03,4.03,4.0,3.89,3.97,3.95,3.89,3.95,3.84,3.9
2040-12-30,-1.4,-8.77,-12.99,-12.77,-12.76,-12.73,-8.89,-8.7,-18.0,-17.95,-16.58,-16.41,-16.05,-15.99,-15.88,-15.84,-15.96,-16.0,-15.98,-16.0,-15.97,-15.96,-15.98,-15.93
2040-12-31,-1.4,-8.77,-12.99,-12.77,-12.76,-12.73,-8.89,-8.7,-18.0,-17.95,-16.58,-16.41,-16.05,-15.99,-15.88,-15.84,-15.96,-16.0,-15.98,-16.0,-15.97,-15.96,-15.98,-15.93
